cell_id,x,y,cluster
cell_01307,44.9098,47.7083,B
cell_02038,93.8918,14.9111,C
cell_00569,14.5382,9.007,A
cell_01898,50.3559,48.5994,B
cell_02499,82.1985,21.2083,C
cell_01112,49.0407,51.2264,B
cell_01236,54.6819,51.2725,B
cell_01124,45.501,47.7926,B
cell_02731,93.9401,21.9317,C
cell_02215,86.8503,18.0864,C
cell_01854,55.5683,53.2015,B
cell_01397,53.6536,53.0871,B
cell_00719,11.0168,11.9193,A
cell_00892,13.6305,7.9826,A
cell_01141,46.0084,48.1216,B
cell_02804,86.4906,17.2379,C
cell_02180,86.5814,17.6291,C
cell_01444,50.4282,50.7307,B
cell_02265,79.093,21.155,C
cell_02835,88.2015,25.4203,C
cell_00585,12.341,9.6697,A
cell_01477,50.2738,50.2965,B
cell_01436,55.8659,52.9302,B
cell_01167,50.2119,48.9924,B
cell_02091,86.9834,17.3212,C
cell_01746,49.9782,50.0146,B
cell_01699,50.974,49.1909,B
cell_02784,80.0215,20.5144,C
cell_00675,12.6763,6.2477,A
cell_00993,9.0765,12.3296,A
cell_02052,85.8748,17.9142,C
cell_00204,11.042,12.7643,A
cell_02773,91.797,23.7052,C
cell_00853,12.5486,8.6135,A
cell_02393,86.5742,18.4959,C
cell_02234,91.4856,21.319,C
cell_01243,53.5867,45.748,B
cell_01967,55.4456,51.2796,B
cell_01969,52.2993,43.5999,B
cell_01390,53.732,43.5322,B
cell_00515,14.2325,14.3331,A
cell_00326,13.4353,8.0748,A
cell_01635,52.6729,43.7176,B
cell_02078,80.071,21.8935,C
cell_01899,54.8676,54.5871,B
cell_02503,89.5691,25.0923,C
cell_02453,86.1357,17.8327,C
cell_02749,91.4018,23.1627,C
cell_00700,10.3845,10.2855,A
cell_02963,79.1315,21.656,C
cell_00736,13.8211,8.9324,A
cell_02774,87.2051,17.4753,C
cell_00884,11.6756,11.7261,A
cell_02172,81.3852,22.6392,C
cell_01785,50.3516,48.4248,B
cell_02772,80.1604,22.0924,C
cell_02675,91.6378,22.2807,C
cell_00632,8.2142,13.4831,A
cell_02650,78.4498,22.9751,C
cell_02934,86.9088,17.7633,C
cell_01103,55.7267,55.0132,B
cell_02318,78.8844,21.8185,C
cell_02137,92.4508,21.5451,C
cell_00980,8.4125,12.0148,A
cell_01272,46.067,47.6938,B
cell_00207,9.4259,12.8889,A
cell_01392,43.4852,47.3078,B
cell_00441,12.0251,10.3982,A
cell_01514,54.1042,52.0959,B
cell_00413,12.6163,12.5553,A
cell_00225,11.2437,12.8758,A
cell_00122,13.3148,8.972,A
cell_01427,51.3056,46.954,B
cell_02130,87.8848,24.6177,C
cell_00378,12.6868,13.8066,A
cell_02359,85.8011,17.5589,C
cell_00415,9.3829,8.6607,A
cell_02053,87.2396,26.5385,C
cell_01743,44.857,46.0143,B
cell_02187,80.4891,22.1216,C
cell_00685,12.6393,13.7871,A
cell_00869,9.2073,9.794,A
cell_01610,53.741,50.3526,B
cell_02786,86.7229,18.6583,C
cell_02986,87.9198,25.789,C
cell_00281,10.7004,9.7566,A
cell_01105,48.2524,48.4474,B
cell_02744,85.6869,18.0872,C
cell_01846,52.766,51.1825,B
cell_02533,79.8683,20.9219,C
cell_01052,55.5675,52.2775,B
cell_01364,43.9334,49.6156,B
cell_02283,87.5811,26.6,C
cell_02863,92.9225,20.6353,C
cell_00965,10.7067,10.0703,A
cell_02379,93.6202,22.9066,C
cell_02652,77.6281,22.0558,C
cell_02005,85.2992,18.7403,C
cell_01529,51.4227,50.1784,B
cell_02727,80.1684,22.344,C
cell_02479,87.4564,27.0489,C
cell_02586,80.268,23.2613,C
cell_01058,50.8066,50.3065,B
cell_02044,85.4553,25.1165,C
cell_01110,50.2163,51.4387,B
cell_02748,90.8015,21.9236,C
cell_01964,56.4999,52.2481,B
cell_00859,10.4562,10.0347,A
cell_02821,85.2462,17.4097,C
cell_02954,93.0498,23.1413,C
cell_02217,80.8612,22.7259,C
cell_02113,86.6262,17.9329,C
cell_00431,10.6904,9.0673,A
cell_02768,90.4327,20.9243,C
cell_00260,8.367,8.5188,A
cell_02273,81.3482,22.0248,C
cell_01708,55.0622,53.1121,B
cell_02260,82.3388,21.7649,C
cell_01623,56.2666,51.0473,B
cell_01382,52.9114,45.0646,B
cell_02615,80.0684,21.4153,C
cell_00583,10.9799,13.7008,A
cell_02775,91.4885,22.3614,C
cell_00751,10.2942,10.0959,A
cell_01142,50.377,49.7097,B
cell_02229,78.8344,22.1379,C
cell_02585,92.846,21.5318,C
cell_02480,91.0874,23.3731,C
cell_00975,7.8223,9.8982,A
cell_02450,80.1146,21.9424,C
cell_02545,79.1697,20.7856,C
cell_00891,7.7673,9.3422,A
cell_02770,86.4674,17.5661,C
cell_02107,88.9009,25.18,C
cell_01182,54.5258,53.4242,B
cell_02977,85.9997,17.8075,C
cell_02441,89.9685,26.4614,C
cell_02534,80.0414,22.605,C
cell_00673,10.8546,10.187,A
cell_02313,88.1576,27.245,C
cell_02867,87.8954,26.5977,C
cell_00708,8.3205,9.9787,A
cell_02102,91.9727,20.8235,C
cell_01328,50.6274,50.4212,B
cell_02611,91.2279,21.6088,C
cell_02893,79.7687,20.4274,C
cell_00071,9.6025,12.2283,A
cell_01225,47.5108,51.2974,B
cell_02694,87.4527,27.6754,C
cell_01163,45.8204,47.137,B
cell_01878,49.75,49.9578,B
cell_00035,19.7906,10.3097,A
cell_02931,92.0391,23.7742,C
cell_01601,53.7071,45.4707,B
cell_02996,80.6517,23.4292,C
cell_00373,10.9854,9.4479,A
cell_02150,85.7613,17.4514,C
cell_00804,9.1536,12.9045,A
cell_02055,87.5564,17.3486,C
cell_01993,50.6996,48.8519,B
cell_00319,14.3874,8.4556,A
cell_01165,46.9768,50.0917,B
cell_00540,10.4271,13.0944,A
cell_00119,8.9955,12.8993,A
cell_00362,7.9554,11.5288,A
cell_00880,12.3971,7.3158,A
cell_02947,86.2594,17.5943,C
cell_01648,49.9591,51.2949,B
cell_00820,7.6288,12.2096,A
cell_02295,92.019,23.2515,C
cell_00593,9.7234,10.0329,A
cell_02552,86.9612,17.4305,C
cell_00929,5.9142,9.7294,A
cell_02386,86.5677,18.311,C
cell_02975,87.9446,24.6861,C
cell_00420,9.7502,7.7182,A
cell_00469,7.9435,10.2117,A
cell_00434,13.6812,6.8357,A
cell_02958,86.5614,25.633,C
cell_00659,14.0309,8.1585,A
cell_00297,14.266,9.4733,A
cell_00728,11.9701,10.1846,A
cell_00421,9.6406,13.1598,A
cell_01760,48.9981,50.3904,B
cell_02806,79.4564,20.4306,C
cell_02454,87.7828,24.8457,C
cell_00315,8.1799,13.036,A
cell_00187,13.2507,10.293,A
cell_01496,49.7693,49.5507,B
cell_01599,53.6887,45.2582,B
cell_02851,78.5849,22.5814,C
cell_01990,49.727,49.8847,B
cell_00430,10.8304,10.5524,A
cell_00533,10.7599,10.2254,A
cell_00738,13.488,9.7212,A
cell_01464,49.94,50.4429,B
cell_02315,87.1072,17.9416,C
cell_00805,9.2834,11.2211,A
cell_02468,79.9743,23.2478,C
cell_00730,9.2393,9.6492,A
cell_01206,48.6346,49.4001,B
cell_01668,45.2797,47.8907,B
cell_01612,55.6003,52.3371,B
cell_01099,45.2051,48.1083,B
cell_00173,12.0331,14.0799,A
cell_02109,80.4539,22.0414,C
cell_00638,9.5036,9.8331,A
cell_01078,55.6871,52.6462,B
cell_02145,93.5983,21.8024,C
cell_01911,54.1871,45.1873,B
cell_02816,90.1679,21.2807,C
cell_00771,7.7984,13.5114,A
cell_01164,50.4619,49.8481,B
cell_00357,7.5067,11.8639,A
cell_01055,55.1161,53.2674,B
cell_01542,52.0294,46.3528,B
cell_02566,91.6495,21.8445,C
cell_00191,11.4142,11.1214,A
cell_02354,86.5182,17.9659,C
cell_00984,10.2147,13.3995,A
cell_00721,9.26,10.9718,A
cell_02903,90.5679,20.7168,C
cell_02838,92.1349,21.3661,C
cell_01548,50.7006,50.1172,B
cell_00562,14.365,6.9902,A
cell_00003,16.3485,13.333,A
cell_00279,9.0739,10.0257,A
cell_02592,80.0946,22.0696,C
cell_00856,11.3651,9.2493,A
cell_00563,9.9096,8.6605,A
cell_00786,13.2767,8.5993,A
cell_02593,85.5961,18.1252,C
cell_01735,49.2145,47.8849,B
cell_02188,88.0374,25.7461,C
cell_00733,10.8223,10.2059,A
cell_01807,49.723,49.9614,B
cell_01706,56.1467,52.948,B
cell_00416,10.2072,10.5901,A
cell_02410,86.0493,17.6173,C
cell_01352,52.1348,46.1711,B
cell_02135,80.4096,22.0908,C
cell_00527,8.1478,12.7012,A
cell_01565,46.6704,47.8279,B
cell_01230,52.8683,45.1512,B
cell_00457,11.5602,11.2916,A
cell_02913,86.8381,25.6959,C
cell_00126,8.6501,8.7352,A
cell_02236,86.0918,18.1457,C
cell_00537,12.7543,8.2661,A
cell_00181,12.0463,13.415,A
cell_01544,55.2545,49.7918,B
cell_00774,7.6793,12.0904,A
cell_00588,11.1426,12.6418,A
cell_00644,10.4983,13.1775,A
cell_02621,92.551,21.7341,C
cell_02337,91.6634,23.355,C
cell_01733,50.9864,50.5102,B
cell_00872,13.0663,8.0005,A
cell_02088,86.3263,18.2452,C
cell_02563,89.7839,20.5859,C
cell_02813,86.0223,26.618,C
cell_00376,11.8753,10.3809,A
cell_00387,8.4552,11.5681,A
cell_01531,51.3804,49.8313,B
cell_02866,79.5038,22.0229,C
cell_01074,47.4563,50.471,B
cell_02800,78.9111,21.1896,C
cell_01449,45.452,48.6971,B
cell_00152,14.9386,6.9311,A
cell_00934,9.1279,12.2501,A
cell_01039,50.0924,46.3368,B
cell_00424,12.03,13.325,A
cell_01741,48.0381,50.3763,B
cell_02154,81.0474,22.3738,C
cell_00475,8.8005,11.7417,A
cell_01211,50.909,49.3487,B
cell_00341,12.5183,13.2424,A
cell_01671,55.5625,52.9113,B
cell_02308,85.6569,17.6567,C
cell_02206,80.6036,22.7218,C
cell_01378,46.9072,48.8778,B
cell_00143,9.3936,10.5194,A
cell_01160,54.5377,43.8668,B
cell_01460,52.1797,51.0166,B
cell_00100,8.3876,12.5384,A
cell_00427,8.761,9.088,A
cell_01484,45.269,48.9105,B
cell_01814,48.6089,49.8667,B
cell_02716,91.411,21.0262,C
cell_00735,9.806,9.9447,A
cell_00803,9.3133,10.0822,A
cell_02461,80.6727,23.2828,C
cell_02824,79.6711,22.3539,C
cell_02962,93.3804,21.4033,C
cell_00808,8.2151,12.7474,A
cell_02269,90.1678,22.9016,C
cell_00753,10.597,11.6793,A
cell_00455,11.7258,12.2652,A
cell_00833,10.5867,8.9525,A
cell_00037,9.1607,12.6609,A
cell_01745,49.2386,50.6421,B
cell_01828,54.4541,50.0629,B
cell_01071,51.1849,49.6408,B
cell_00306,11.8019,9.1531,A
cell_02120,86.1305,16.8344,C
cell_01145,50.2012,46.2196,B
cell_00747,10.1164,10.5969,A
cell_01692,48.9002,50.6307,B
cell_02075,91.576,21.1415,C
cell_01633,47.6871,48.9026,B
cell_02894,80.3136,21.8774,C
cell_02571,85.4246,18.4145,C
cell_01239,52.2166,47.101,B
cell_00620,8.2373,13.2713,A
cell_02231,89.2963,26.2079,C
cell_00581,11.8187,12.1678,A
cell_01082,44.6742,47.3507,B
cell_02147,88.7585,23.7743,C
cell_00072,8.9127,10.0197,A
cell_01062,49.6898,50.8595,B
cell_02900,85.3576,17.8903,C
cell_01917,51.8735,50.5052,B
cell_02171,87.6554,26.2252,C
cell_01749,45.4303,49.1075,B
cell_00717,7.7122,13.139,A
cell_01658,53.465,46.7156,B
cell_00770,8.7362,8.8316,A
cell_00749,9.2767,13.3533,A
cell_02024,82.8362,21.4053,C
cell_01651,52.6193,45.2897,B
cell_01773,53.0646,46.0844,B
cell_02366,86.0618,17.7445,C
cell_01590,48.6067,49.2517,B
cell_00088,7.3246,12.5892,A
cell_02911,79.5105,22.921,C
cell_01319,52.8696,45.4632,B
cell_00528,8.9712,11.491,A
cell_01456,43.9994,47.3429,B
cell_00633,9.3165,12.3065,A
cell_02385,88.7134,26.3736,C
cell_02861,87.5323,26.6138,C
cell_00946,8.5973,12.7342,A
cell_02219,80.8247,20.358,C
cell_00604,13.5037,8.0591,A
cell_02440,85.2702,17.3511,C
cell_01960,45.341,48.6243,B
cell_00665,9.2452,9.2119,A
cell_02644,85.5027,18.3099,C
cell_02408,79.6069,22.8953,C
cell_00524,12.1034,11.8401,A
cell_00842,12.2829,11.9626,A
cell_01950,50.8786,44.3973,B
cell_01391,50.102,49.913,B
cell_01135,55.7054,51.0928,B
cell_00401,6.957,11.3058,A
cell_00227,13.1155,9.7942,A
cell_01117,50.2717,46.2039,B
cell_00799,14.2848,14.6519,A
cell_01353,56.1319,51.302,B
cell_00758,10.7809,10.7775,A
cell_02200,93.0753,20.965,C
cell_02497,87.5005,28.516,C
cell_01287,55.0629,51.6352,B
cell_02635,87.3895,26.8233,C
cell_02722,85.8209,17.6042,C
cell_02419,86.9942,17.7906,C
cell_00768,9.879,8.4924,A
cell_00428,12.9382,12.5844,A
cell_02916,79.5659,21.5986,C
cell_01333,42.8645,48.023,B
cell_01627,50.7384,47.0536,B
cell_00027,15.6084,12.9952,A
cell_00718,10.8439,9.3667,A
cell_00025,5.03,14.0664,A
cell_02277,91.7396,20.1383,C
cell_02133,92.8535,22.0186,C
cell_01553,50.9599,49.7509,B
cell_00001,11.4911,16.3702,A
cell_01793,54.7248,44.3674,B
cell_00864,12.1644,10.2324,A
cell_00061,11.0162,12.6177,A
cell_01545,54.7373,52.7044,B
cell_02714,88.0366,23.9853,C
cell_01683,44.6197,46.9162,B
cell_01338,50.3575,45.1703,B
cell_01962,45.8275,48.0199,B
cell_01454,54.4208,53.4228,B
cell_02841,79.9796,23.652,C
cell_02998,79.2533,21.9815,C
cell_01372,45.0146,48.4698,B
cell_01560,56.204,51.0933,B
cell_00667,13.1162,7.2813,A
cell_00705,12.9489,9.838,A
cell_01172,49.8908,50.7208,B
cell_00242,11.4462,7.446,A
cell_02160,85.9497,18.6041,C
cell_01786,51.5708,52.1128,B
cell_00132,9.1401,12.2412,A
cell_01620,48.8276,50.5176,B
cell_00841,7.4223,13.6819,A
cell_02507,80.6288,23.1218,C
cell_00195,9.8585,10.614,A
cell_02064,78.4949,23.1072,C
cell_01752,54.2266,43.217,B
cell_01488,50.7081,46.7178,B
cell_01762,46.9523,48.6135,B
cell_00451,11.6176,7.2356,A
cell_00171,10.6503,9.8147,A
cell_01966,54.3123,48.1657,B
cell_01771,45.072,48.6127,B
cell_02028,79.1426,27.2359,C
cell_01685,56.5599,53.2784,B
cell_01337,48.3056,49.3652,B
cell_00514,10.6812,12.7955,A
cell_00220,8.7667,8.9713,A
cell_02918,88.8792,24.4359,C
cell_01229,51.3752,49.4775,B
cell_02576,86.3149,18.4251,C
cell_01754,44.7505,48.9642,B
cell_00597,10.9707,10.767,A
cell_01237,54.0362,53.8134,B
cell_01068,43.5885,47.6758,B
cell_00503,11.6652,7.7275,A
cell_01675,53.2571,45.0872,B
cell_00865,12.2747,9.7892,A
cell_01996,47.8542,49.3639,B
cell_02676,91.9221,20.8794,C
cell_02865,80.0786,22.5302,C
cell_00652,11.4887,11.9438,A
cell_00548,9.7714,9.7671,A
cell_01941,51.4878,50.1924,B
cell_02101,85.8441,19.5088,C
cell_01922,49.1298,49.8682,B
cell_01224,50.7521,46.7335,B
cell_02764,86.0549,16.6672,C
cell_00486,13.9211,9.5661,A
cell_02856,94.2132,22.7886,C
cell_02623,87.1687,25.9081,C
cell_00254,9.5814,9.6373,A
cell_02511,86.4469,19.6024,C
cell_00296,7.9424,10.1143,A
cell_02218,87.067,25.731,C
cell_01975,54.6408,52.6013,B
cell_01402,50.762,50.0998,B
cell_02513,88.062,27.6358,C
cell_01525,51.9721,46.8154,B
cell_02394,79.0603,22.1005,C
cell_02925,86.9197,17.6522,C
cell_00641,8.7156,13.83,A
cell_00329,9.8883,12.9698,A
cell_00271,9.4454,9.1638,A
cell_00302,13.9711,8.3281,A
cell_00366,7.3322,8.9087,A
cell_00741,9.6279,12.6682,A
cell_02853,82.0924,21.7994,C
cell_01422,44.8658,48.6018,B
cell_02579,77.1121,23.5887,C
cell_02072,85.733,17.7649,C
cell_00670,8.4374,12.6573,A
cell_02095,80.22,23.1171,C
cell_00111,12.4929,9.184,A
cell_02689,94.5797,22.9245,C
cell_02990,86.9688,28.2655,C
cell_00743,10.6242,12.6051,A
cell_00650,8.0839,9.6899,A
cell_02553,90.0667,22.2184,C
cell_00192,14.1454,7.8739,A
cell_00639,13.6704,9.5984,A
cell_00080,9.124,9.4581,A
cell_00898,9.3123,8.8249,A
cell_02177,88.6471,26.0601,C
cell_02157,79.6796,22.5982,C
cell_01471,53.104,45.9306,B
cell_02608,85.9802,17.5636,C
cell_01797,44.165,48.5089,B
cell_00292,9.0247,9.2658,A
cell_01730,47.3464,50.7057,B
cell_02701,79.7157,22.3624,C
cell_01981,53.1285,46.3177,B
cell_01503,50.4581,48.2561,B
cell_00339,9.3915,7.9114,A
cell_01252,49.9868,48.3158,B
cell_01314,50.2481,50.5926,B
cell_02907,91.7113,23.0698,C
cell_02927,81.3174,21.1425,C
cell_02270,80.7928,21.4564,C
cell_00930,13.5494,9.3932,A
cell_01465,45.0558,46.2945,B
cell_02032,87.6747,15.9993,C
cell_02203,87.1912,18.4507,C
cell_02287,85.8666,18.1734,C
cell_00375,13.6786,7.5146,A
cell_01442,52.843,46.6396,B
cell_00994,9.9109,10.4402,A
cell_02054,78.916,21.0642,C
cell_00359,8.3072,12.7465,A
cell_01306,44.7181,47.9499,B
cell_02498,93.2776,22.8819,C
cell_00445,10.3506,13.0476,A
cell_00363,7.8109,12.1592,A
cell_01948,53.3353,45.4551,B
cell_00180,13.6443,7.7366,A
cell_00268,8.162,9.4096,A
cell_00179,10.2797,12.4407,A
cell_00692,7.3586,12.3472,A
cell_00878,12.3761,12.7171,A
cell_02062,92.0181,21.8771,C
cell_01263,49.6259,48.7875,B
cell_01826,50.5817,49.3488,B
cell_02890,86.2875,18.0948,C
cell_01426,49.6142,49.6763,B
cell_00489,10.3142,9.2383,A
cell_02398,90.3669,26.8911,C
cell_02682,85.079,26.585,C
cell_00052,13.7949,6.7919,A
cell_02176,89.2223,22.3832,C
cell_01063,44.3471,47.6864,B
cell_02272,80.5535,22.0427,C
cell_01594,54.9235,52.1807,B
cell_00064,10.3466,10.5104,A
cell_00846,7.7735,12.9693,A
cell_00839,13.0922,8.4653,A
cell_00211,10.5728,12.8492,A
cell_01507,49.1708,50.3277,B
cell_02819,86.1872,17.3075,C
cell_00706,7.6667,12.3535,A
cell_02683,88.1092,26.4227,C
cell_01209,51.8149,50.6145,B
cell_01033,48.2058,48.9259,B
cell_01424,43.1774,47.0171,B
cell_02194,92.3191,20.5743,C
cell_00340,8.3218,9.7319,A
cell_01303,50.0452,49.7613,B
cell_00978,7.1842,12.7208,A
cell_02392,81.4314,23.4649,C
cell_02259,86.7967,19.3873,C
cell_01939,49.3534,51.2096,B
cell_00663,8.7785,13.2546,A
cell_01674,43.9713,48.0777,B
cell_01085,49.9886,49.054,B
cell_02297,92.9983,22.5492,C
cell_02932,90.9604,21.2387,C
cell_02843,81.1344,22.0953,C
cell_02490,89.269,28.6204,C
cell_02428,85.1834,28.5213,C
cell_02807,81.157,24.2043,C
cell_01883,49.0819,49.3215,B
cell_00355,9.2744,12.6344,A
cell_02825,92.6244,20.6352,C
cell_00848,10.938,10.7636,A
cell_00695,8.3824,12.208,A
cell_02897,94.5335,23.347,C
cell_00714,12.4714,12.9155,A
cell_02124,79.1034,21.1013,C
cell_02245,92.7858,23.6116,C
cell_00059,12.559,9.0355,A
cell_02001,85.3222,22.6483,C
cell_02048,84.113,14.9895,C
cell_01891,44.5577,47.3744,B
cell_01030,49.4765,49.9261,B
cell_00215,8.4758,10.7044,A
cell_00737,12.1605,10.0432,A
cell_02228,88.5583,25.9813,C
cell_02583,88.7814,25.6558,C
cell_02942,87.5699,24.725,C
cell_01600,52.1657,46.6453,B
cell_01510,49.8514,49.6462,B
cell_00761,8.4488,12.6379,A
cell_00454,8.977,9.4855,A
cell_02663,89.2511,28.4851,C
cell_02288,80.9777,21.1649,C
cell_00691,11.9461,10.876,A
cell_00214,13.2656,9.4017,A
cell_02407,93.7531,21.3955,C
cell_01597,48.3253,47.6492,B
cell_02793,91.1969,21.9271,C
cell_00342,13.7632,8.0991,A
cell_00148,13.6465,10.2105,A
cell_02889,81.2924,21.5478,C
cell_02435,92.007,22.0856,C
cell_01040,48.4382,49.8442,B
cell_00671,14.6295,13.5996,A
cell_00218,7.9725,12.569,A
cell_01298,53.1947,51.4053,B
cell_00453,9.8057,10.7301,A
cell_00834,12.8943,7.004,A
cell_02467,80.5257,20.6158,C
cell_01203,51.1799,46.1836,B
cell_01988,54.7989,45.3804,B
cell_01023,46.2225,50.6256,B
cell_01316,50.4254,50.3579,B
cell_00745,8.5448,13.0244,A
cell_02291,87.5165,23.8028,C
cell_00825,11.0608,9.9562,A
cell_02077,79.6596,23.1867,C
cell_02110,88.3646,27.2413,C
cell_02802,81.5784,22.9034,C
cell_01125,55.658,52.5408,B
cell_02403,86.1383,18.7486,C
cell_00906,12.8206,8.6734,A
cell_01887,47.0818,47.6513,B
cell_02322,92.3453,22.3481,C
cell_02115,81.0512,23.074,C
cell_01472,54.4455,53.5888,B
cell_02036,82.4169,22.474,C
cell_00151,9.9624,11.1917,A
cell_02353,81.2971,21.9089,C
cell_02818,92.3345,21.8738,C
cell_02126,92.7378,20.8187,C
cell_02347,87.9805,25.0242,C
cell_00485,10.6838,14.0391,A
cell_01755,44.581,47.0764,B
cell_01903,45.226,48.0378,B
cell_00752,13.7814,8.1984,A
cell_02491,90.6524,20.8082,C
cell_01313,50.1603,49.3643,B
cell_02705,82.688,22.6385,C
cell_01083,50.2094,50.0812,B
cell_02767,80.5718,21.0521,C
cell_01257,53.0656,45.3638,B
cell_01823,56.1911,53.7358,B
cell_00518,9.0804,11.2381,A
cell_02018,84.9181,26.0748,C
cell_01660,45.629,49.5575,B
cell_02268,86.7659,19.2324,C
cell_00940,13.3462,10.7266,A
cell_01276,54.7761,52.7526,B
cell_00193,8.0278,9.7157,A
cell_01003,59.9853,50.0088,B
cell_02943,85.4299,18.247,C
cell_02691,80.4286,21.8875,C
cell_00073,9.2185,9.4028,A
cell_02664,79.6176,21.9848,C
cell_00090,7.7561,12.8389,A
cell_00922,10.1281,11.1177,A
cell_00018,12.1448,5.1652,A
cell_00702,12.5941,12.484,A
cell_02444,79.6753,22.9662,C
cell_02647,89.2386,23.8262,C
cell_00116,9.2517,12.6768,A
cell_02929,92.6423,21.1554,C
cell_02930,91.373,21.4606,C
cell_02540,92.9441,21.4438,C
cell_01147,46.1084,47.9395,B
cell_00263,10.1051,9.6454,A
cell_02034,91.1682,19.5569,C
cell_01486,51.0358,49.5591,B
cell_02978,80.773,21.9909,C
cell_01768,50.4246,50.9163,B
cell_00299,10.3745,9.8533,A
cell_02437,85.0431,17.2465,C
cell_02159,81.0741,21.1826,C
cell_02968,81.4273,22.4111,C
cell_02999,78.6063,23.7446,C
cell_00513,12.3463,8.7392,A
cell_00038,13.6488,15.3893,A
cell_02395,79.6218,22.6245,C
cell_02169,85.0396,17.159,C
cell_01654,49.3475,49.4946,B
cell_00399,13.1815,8.1925,A
cell_01421,51.0272,48.5077,B
cell_01091,44.9608,48.5345,B
cell_01171,50.8476,46.2004,B
cell_01413,44.7161,47.6292,B
cell_01277,48.6529,51.3158,B
cell_01168,50.3851,50.6816,B
cell_01204,51.4553,49.1901,B
cell_00396,11.4047,12.3169,A
cell_00095,10.0209,9.8402,A
cell_01166,51.5652,50.1035,B
cell_00677,13.3291,9.5492,A
cell_02021,87.1306,28.4828,C
cell_02634,88.7425,24.9192,C
cell_00896,8.4405,13.7382,A
cell_01448,49.4823,49.9719,B
cell_01069,55.1212,52.6392,B
cell_02630,81.1622,22.7193,C
cell_00998,13.419,9.017,A
cell_02338,86.3006,18.1687,C
cell_00197,10.2619,11.9191,A
cell_00408,12.4415,14.2641,A
cell_00662,11.9426,14.8534,A
cell_00579,8.7934,11.388,A
cell_00972,12.4125,13.2487,A
cell_00944,11.7937,8.5439,A
cell_02289,79.0708,21.9818,C
cell_00318,13.6852,8.2751,A
cell_02336,78.7077,19.9747,C
cell_02904,86.0844,18.1871,C
cell_02527,80.6654,22.151,C
cell_02531,85.9788,18.4754,C
cell_01798,45.9421,47.7794,B
cell_01282,51.2344,45.2743,B
cell_01037,46.3426,48.2673,B
cell_00545,10.1043,10.1967,A
cell_01396,49.7165,45.1612,B
cell_02685,86.4011,18.489,C
cell_02564,86.3331,16.7045,C
cell_00547,10.8684,13.0992,A
cell_02778,87.3501,24.8597,C
cell_01097,53.071,44.9409,B
cell_01193,50.5142,50.532,B
cell_02317,87.2343,23.7633,C
cell_02209,79.9188,22.4534,C
cell_02674,88.379,25.0018,C
cell_00636,12.5522,8.4758,A
cell_00890,8.5229,12.8214,A
cell_00591,12.9493,8.2734,A
cell_00963,8.8541,12.2908,A
cell_02225,85.9593,17.4743,C
cell_02143,88.1157,25.413,C
cell_00109,9.3329,11.0024,A
cell_01403,49.3151,46.9434,B
cell_00893,9.4815,8.5772,A
cell_01451,44.113,47.4576,B
cell_02339,90.6032,22.6665,C
cell_02554,91.7427,22.8678,C
cell_02591,88.6352,27.0972,C
cell_01158,53.8012,51.0521,B
cell_00713,11.1648,10.4157,A
cell_00288,12.6048,7.929,A
cell_01011,47.5515,48.176,B
cell_01006,49.9995,50.565,B
cell_01618,51.9184,46.2277,B
cell_01684,53.2907,45.1294,B
cell_01579,51.4458,49.7847,B
cell_01219,44.3657,46.81,B
cell_01587,51.8906,50.7304,B
cell_02815,86.8827,18.7771,C
cell_02855,90.5639,20.9167,C
cell_00796,11.0393,11.6059,A
cell_00201,9.3861,12.4134,A
cell_02512,88.6325,25.4348,C
cell_01459,54.8621,44.7716,B
cell_02706,80.1795,21.364,C
cell_01325,45.1352,48.4323,B
cell_01076,52.6642,45.6776,B
cell_00526,12.1321,8.8654,A
cell_02042,92.0234,25.3358,C
cell_02870,90.4349,20.7817,C
cell_02119,86.7696,18.001,C
cell_00507,10.8003,10.7763,A
cell_00480,8.7808,8.9903,A
cell_00688,10.2158,10.8245,A
cell_01189,43.1612,47.4567,B
cell_02690,79.5246,24.3985,C
cell_00397,11.9351,10.5863,A
cell_02186,80.697,21.168,C
cell_01366,49.7133,49.519,B
cell_01862,48.4775,48.5184,B
cell_00837,13.572,6.9722,A
cell_02264,80.8694,22.3952,C
cell_01264,54.2297,44.7109,B
cell_00603,12.1482,7.8031,A
cell_00241,9.0538,12.2808,A
cell_01940,44.5141,48.3064,B
cell_00449,11.7869,9.1126,A
cell_00843,9.2872,13.0574,A
cell_02442,90.8291,21.4011,C
cell_00014,9.9408,8.0691,A
cell_02939,79.7014,21.7183,C
cell_00985,9.0281,9.2064,A
cell_02004,89.7542,25.813,C
cell_02562,79.798,21.33,C
cell_01788,50.8759,49.235,B
cell_00377,13.3388,10.8938,A
cell_02660,88.0634,27.023,C
cell_00264,9.3083,13.0927,A
cell_00616,9.1919,12.7539,A
cell_00504,11.9937,14.0404,A
cell_00058,8.4728,12.6706,A
cell_02695,77.594,20.4644,C
cell_01197,43.4262,47.5134,B
cell_02471,90.4156,22.4864,C
cell_02654,79.4996,23.3457,C
cell_00233,7.909,13.5358,A
cell_02670,80.0182,23.8574,C
cell_01676,45.4496,49.5064,B
cell_01872,49.6702,51.1566,B
cell_01136,52.0718,47.166,B
cell_01583,51.3682,49.8736,B
cell_01902,53.9755,53.821,B
cell_02572,80.061,22.2245,C
cell_02758,86.9151,18.3948,C
cell_00174,10.3528,9.7543,A
cell_00142,10.2,10.5171,A
cell_00205,8.9681,13.0868,A
cell_01992,52.2419,44.579,B
cell_01235,51.1878,46.6335,B
cell_02326,94.2507,22.2228,C
cell_01783,54.9339,50.3925,B
cell_01490,49.8503,50.7867,B
cell_01611,46.8692,48.0268,B
cell_00682,10.641,10.8256,A
cell_00858,8.3838,12.225,A
cell_02166,78.1629,20.1073,C
cell_01437,49.7985,49.6144,B
cell_01839,56.0195,51.9143,B
cell_02204,85.5135,17.3576,C
cell_02076,94.3003,23.273,C
cell_00790,9.0063,8.7003,A
cell_02569,86.2448,18.7267,C
cell_01415,51.2972,46.3944,B
cell_01385,51.1055,48.6317,B
cell_02649,82.0352,22.8524,C
cell_01184,50.7836,50.1787,B
cell_02022,86.7416,13.7458,C
cell_02286,94.5422,22.3046,C
cell_00936,8.7087,9.4881,A
cell_00512,9.6121,10.0661,A
cell_01262,50.1219,50.956,B
cell_01585,55.5831,51.1517,B
cell_00101,9.4091,8.673,A
cell_00013,13.8148,12.0987,A
cell_00645,7.8929,11.7035,A
cell_01550,49.761,50.5299,B
cell_00779,8.0766,10.1115,A
cell_02246,79.4329,22.3449,C
cell_01268,45.8778,47.7841,B
cell_01059,51.2963,48.4856,B
cell_02222,82.4507,21.8794,C
cell_01399,47.2532,49.2734,B
cell_01354,56.3341,52.4872,B
cell_02613,88.6537,25.0319,C
cell_00855,11.3388,10.6609,A
cell_00021,16.3185,15.4654,A
cell_00750,8.2929,13.019,A
cell_01494,50.115,49.0833,B
cell_00118,9.3853,10.9784,A
cell_02040,85.2191,22.0288,C
cell_02255,88.2413,21.3899,C
cell_00564,12.9112,9.313,A
cell_01645,53.2379,46.4794,B
cell_01128,50.6893,45.8722,B
cell_00491,8.9334,13.4971,A
cell_00047,10.1543,13.8144,A
cell_00493,8.9993,12.746,A
cell_01644,55.3003,50.6688,B
cell_02281,80.0412,22.5778,C
cell_02333,90.9169,21.891,C
cell_00948,12.5788,7.5352,A
cell_01906,50.3023,46.8574,B
cell_00769,10.9025,9.0224,A
cell_02951,79.2015,21.4634,C
cell_02587,78.3071,22.4641,C
cell_02248,91.9268,22.8589,C
cell_02158,87.9107,26.4573,C
cell_00960,9.4217,9.7174,A
cell_01976,51.7422,45.9904,B
cell_01217,50.7737,46.2749,B
cell_01748,55.1834,52.2686,B
cell_00565,9.924,7.2639,A
cell_00610,10.1271,9.6026,A
cell_02501,85.6446,16.7269,C
cell_01431,49.1838,48.7891,B
cell_01233,48.9553,50.3499,B
cell_01562,54.9298,51.8427,B
cell_00577,7.4072,9.1781,A
cell_00627,7.0739,12.9717,A
cell_01584,51.9465,46.8252,B
cell_01377,54.6265,50.4095,B
cell_01588,55.5383,51.951,B
cell_02319,86.6234,16.525,C
cell_01534,53.7927,47.2624,B
cell_01880,45.6541,47.9399,B
cell_02949,90.3796,23.1234,C
cell_00756,7.471,12.6695,A
cell_02451,93.6365,22.5882,C
cell_01532,47.2372,48.9688,B
cell_02747,81.1514,21.6807,C
cell_00640,9.0117,9.9614,A
cell_02445,80.6314,22.7677,C
cell_00044,19.8402,15.3235,A
cell_00008,10.7491,12.0687,A
cell_02617,85.8324,17.6798,C
cell_00739,8.4976,12.796,A
cell_00033,8.9982,12.0302,A
cell_00471,10.4339,10.0308,A
cell_00472,7.8826,10.0558,A
cell_00422,11.7022,13.1053,A
cell_01691,50.3007,49.9373,B
cell_02235,88.3627,24.3126,C
cell_02711,79.0215,20.9238,C
cell_01478,53.9591,50.7455,B
cell_02197,85.3005,18.7123,C
cell_02698,89.9773,21.302,C
cell_02662,79.5573,20.7532,C
cell_02631,81.5443,21.5107,C
cell_01715,55.3872,51.6546,B
cell_02844,86.3387,18.5943,C
cell_00465,8.605,12.3197,A
cell_01334,44.5289,47.5192,B
cell_02411,92.4338,22.4738,C
cell_01956,43.361,48.3749,B
cell_00668,9.7305,8.4258,A
cell_00010,9.9071,8.9233,A
cell_02238,93.0838,21.6678,C
cell_01722,50.9478,49.7094,B
cell_01731,51.1667,47.1438,B
cell_02645,91.9324,21.0696,C
cell_01284,50.1933,49.53,B
cell_01889,49.3381,50.2672,B
cell_01455,49.6663,50.4454,B
cell_01524,56.1536,52.4093,B
cell_01697,50.0777,49.8716,B
cell_01294,45.2543,47.3504,B
cell_01423,45.9516,47.2285,B
cell_01443,47.6188,48.8534,B
cell_02692,93.2941,22.3764,C
cell_02469,90.2212,21.2712,C
cell_01114,43.3905,46.3345,B
cell_01652,51.9584,49.6145,B
cell_00433,8.3375,14.0325,A
cell_00787,14.3108,13.4316,A
cell_01152,44.9053,47.7682,B
cell_00125,10.1449,13.7689,A
cell_00066,10.055,9.3764,A
cell_02254,90.1678,21.8487,C
cell_01194,51.3093,48.1308,B
cell_01821,54.4739,49.8805,B
cell_01822,54.072,47.6375,B
cell_02346,81.3349,23.1802,C
cell_02544,79.1663,22.5275,C
cell_00781,8.2124,12.9048,A
cell_02031,85.5299,23.7477,C
cell_00130,9.5606,9.6767,A
cell_01180,45.3146,49.5325,B
cell_02068,79.383,22.6429,C
cell_01445,51.7901,45.092,B
cell_01359,50.7558,47.6872,B
cell_02937,85.4928,17.6084,C
cell_02677,92.8812,21.4984,C
cell_01865,50.0404,50.6595,B
cell_02906,91.4342,21.2873,C
cell_01924,50.4421,49.9411,B
cell_01574,48.6815,50.0397,B
cell_01079,45.493,48.9133,B
cell_02330,86.2523,19.2708,C
cell_00238,13.8118,8.9076,A
cell_00962,8.2957,11.6835,A
cell_01223,49.194,49.8671,B
cell_01882,49.4671,51.1503,B
cell_01527,55.0033,53.1884,B
cell_01970,51.9767,48.1721,B
cell_01707,53.7069,51.9913,B
cell_00763,11.5055,9.1825,A
cell_00370,13.3378,8.9776,A
cell_00523,11.0458,11.0671,A
cell_02067,91.4875,22.0551,C
cell_00076,13.6244,8.6625,A
cell_02885,85.8368,17.5037,C
cell_00055,14.1282,9.218,A
cell_00267,12.1558,14.7882,A
cell_01626,50.1818,47.592,B
cell_01779,52.3259,49.123,B
cell_02183,91.0907,21.9679,C
cell_02881,79.7603,20.1442,C
cell_02085,79.1435,21.068,C
cell_00921,13.8625,9.4736,A
cell_00383,13.5421,8.8768,A
cell_02972,89.5363,21.0175,C
cell_02879,92.9621,21.7948,C
cell_02484,88.3829,25.4557,C
cell_02782,92.2048,19.9613,C
cell_02282,81.8222,20.9105,C
cell_01700,47.7512,49.2377,B
cell_00836,10.7173,11.5672,A
cell_01725,51.1467,49.7633,B
cell_02880,79.565,23.1748,C
cell_00464,9.6747,12.5319,A
cell_00740,8.4453,11.4925,A
cell_02725,86.3767,18.0709,C
cell_02687,92.207,22.5312,C
cell_00802,8.5191,9.636,A
cell_00276,8.781,9.3956,A
cell_01123,52.6782,45.7324,B
cell_01299,54.7627,49.7622,B
cell_02271,80.1052,19.8387,C
cell_02508,80.1468,21.6806,C
cell_02493,80.8415,20.9072,C
cell_01348,55.4517,50.5999,B
cell_01096,51.3294,49.9292,B
cell_01616,47.6469,52.9524,B
cell_00613,9.127,10.3846,A
cell_02104,80.2298,19.8324,C
cell_01041,48.4183,47.8197,B
cell_00849,10.9755,10.4493,A
cell_02414,93.0954,23.0399,C
cell_01154,44.4761,47.128,B
cell_02014,77.8555,20.4017,C
cell_00596,12.9264,14.0162,A
cell_02822,86.9069,25.6166,C
cell_01429,55.1684,50.3929,B
cell_01551,46.0254,47.3233,B
cell_01817,53.7226,42.2313,B
cell_01181,52.0377,45.2012,B
cell_00986,9.0715,11.197,A
cell_01999,43.1249,46.4521,B
cell_01681,49.2085,49.2538,B
cell_01521,53.0071,45.1166,B
cell_00368,9.5089,9.0208,A
cell_01998,44.5257,46.7067,B
cell_02557,81.0399,21.3069,C
cell_02622,80.6305,20.7016,C
cell_02306,91.4223,21.3468,C
cell_01326,49.806,50.0334,B
cell_00096,12.8164,8.2771,A
cell_00098,9.2501,11.5361,A
cell_01679,48.9648,49.3845,B
cell_02220,89.4842,27.0935,C
cell_01376,50.7436,50.1085,B
cell_00382,11.5981,10.2645,A
cell_02884,88.6693,26.4022,C
cell_00417,13.8613,8.9493,A
cell_01724,45.05,47.5651,B
cell_00029,8.1917,10.9451,A
cell_02335,87.5038,25.8411,C
cell_00448,10.6463,10.3529,A
cell_00653,8.7558,9.4034,A
cell_02673,86.1995,18.6917,C
cell_02368,87.4352,26.2591,C
cell_02253,79.4258,22.4987,C
cell_00821,13.4869,8.1283,A
cell_02520,86.0606,18.3662,C
cell_01833,50.3926,48.118,B
cell_02383,81.4154,21.5703,C
cell_02523,85.4561,17.7196,C
cell_00722,8.6689,13.0682,A
cell_01522,43.1971,46.7468,B
cell_02873,84.9953,18.3355,C
cell_01858,50.0303,47.1209,B
cell_02618,79.7738,23.5295,C
cell_02426,90.1573,21.5539,C
cell_00780,8.0136,12.5016,A
cell_01024,47.1075,45.6919,B
cell_00005,6.3709,9.8155,A
cell_01513,43.3591,47.0993,B
cell_02703,88.247,24.6155,C
cell_02910,85.02,17.5622,C
cell_00517,11.2999,13.0622,A
cell_01694,49.7449,49.8798,B
cell_02459,85.5894,17.3104,C
cell_02709,86.6467,26.7126,C
cell_00351,8.288,12.1991,A
cell_02536,79.1525,22.1408,C
cell_02845,79.3755,23.8935,C
cell_00661,10.5649,9.929,A
cell_02721,91.3081,21.7689,C
cell_00900,14.0663,8.938,A
cell_02541,80.6183,21.5477,C
cell_00159,13.3837,12.8535,A
cell_00384,13.8285,15.8123,A
cell_02100,90.6881,22.5012,C
cell_00141,13.0355,10.9104,A
cell_00466,9.0174,10.1726,A
cell_02651,86.5854,17.4779,C
cell_00300,8.3629,11.746,A
cell_00398,9.5236,8.6636,A
cell_02914,92.1355,22.1277,C
cell_01782,49.9772,49.2814,B
cell_01650,53.8697,51.703,B
cell_01034,60.4971,47.4776,B
cell_02388,80.0419,22.6482,C
cell_01086,51.8571,46.1961,B
cell_01049,49.5387,47.36,B
cell_01919,54.7012,53.637,B
cell_00847,9.4792,9.3966,A
cell_00252,8.5798,9.7662,A
cell_01569,42.8273,47.1237,B
cell_02060,79.0975,22.1424,C
cell_00807,8.5021,12.9629,A
cell_02367,91.7442,21.776,C
cell_00716,9.7421,8.2818,A
cell_01934,44.7483,47.9013,B
cell_01087,51.1179,50.9816,B
cell_00988,11.6442,11.2982,A
cell_01727,49.1385,48.9504,B
cell_00196,12.4099,6.3501,A
cell_01210,54.3386,52.7289,B
cell_01045,49.1971,47.3934,B
cell_00280,8.0316,12.907,A
cell_00097,10.046,12.4424,A
cell_00442,12.315,9.2275,A
cell_01577,50.87,51.2948,B
cell_01043,49.667,41.3198,B
cell_02334,81.6382,23.9236,C
cell_01430,49.1061,49.4283,B
cell_00331,13.0249,13.8077,A
cell_01383,55.7785,51.4746,B
cell_00862,12.5681,13.9437,A
cell_00746,12.411,10.5132,A
cell_02655,88.8151,25.5468,C
cell_01885,45.2965,48.7919,B
cell_02868,81.1739,21.3538,C
cell_02374,89.2363,25.6168,C
cell_01615,49.9075,49.8034,B
cell_02384,79.1568,22.2495,C
cell_00595,8.3279,13.6965,A
cell_01226,48.7429,50.9016,B
cell_01497,47.5257,48.7618,B
cell_02965,78.9482,21.5214,C
cell_00550,10.1483,10.2599,A
cell_00557,9.3966,9.7107,A
cell_02515,79.6994,22.3006,C
cell_00542,8.4179,12.581,A
cell_01698,51.5149,45.1127,B
cell_00265,13.0145,9.5584,A
cell_01516,51.1666,50.7768,B
cell_01812,54.7929,49.7005,B
cell_01367,48.9436,49.0967,B
cell_01065,54.525,49.2436,B
cell_00301,12.0357,13.5708,A
cell_02164,78.9239,22.0303,C
cell_00554,13.2117,9.2807,A
cell_00468,13.2447,9.0364,A
cell_00345,11.6813,9.7571,A
cell_02162,79.1,21.3326,C
cell_01845,42.4206,48.5385,B
cell_02443,86.2567,17.7826,C
cell_02132,86.654,24.5866,C
cell_01321,53.6465,45.9224,B
cell_01778,46.3926,48.5103,B
cell_02581,81.1359,24.7653,C
cell_01288,54.0533,54.3224,B
cell_02558,79.3945,20.417,C
cell_00440,11.9421,9.0009,A
cell_00022,10.6604,11.7878,A
cell_01293,49.8031,49.4865,B
cell_01813,49.8652,48.9073,B
cell_01253,42.0692,49.6926,B
cell_02734,80.6381,21.9973,C
cell_01458,54.0748,50.5698,B
cell_01322,53.1436,46.9382,B
cell_01398,54.3487,44.7543,B
cell_00488,13.099,8.8658,A
cell_00230,9.2237,12.5287,A
cell_01309,54.3096,52.2414,B
cell_01295,54.3081,43.0254,B
cell_00287,8.2728,14.5678,A
cell_01418,51.0271,50.7367,B
cell_01241,50.2032,49.1755,B
cell_00811,10.6247,11.332,A
cell_02726,80.6461,22.4081,C
cell_00432,11.756,13.2808,A
cell_01704,49.3249,50.1357,B
cell_02148,85.9355,17.3611,C
cell_02936,85.6281,18.4322,C
cell_00621,12.7372,9.0302,A
cell_01446,55.0983,50.8987,B
cell_00937,8.8234,12.6223,A
cell_02771,86.1766,29.1824,C
cell_01809,50.1381,51.1206,B
cell_02719,88.7235,21.7605,C
cell_00131,11.835,11.4366,A
cell_01491,50.4198,46.5855,B
cell_00956,9.7079,13.8322,A
cell_00914,9.0746,12.8368,A
cell_00860,12.6308,8.3844,A
cell_01419,51.2332,49.4882,B
cell_02535,88.633,25.9761,C
cell_00128,8.7183,13.7575,A
cell_00285,11.3114,13.4624,A
cell_02375,80.8684,21.0945,C
cell_00979,14.1452,9.0635,A
cell_00624,9.1808,8.8556,A
cell_00689,9.2102,11.9233,A
cell_01772,47.0149,48.9963,B
cell_01963,55.5937,50.8834,B
cell_00996,8.554,9.0521,A
cell_01696,55.5391,52.7741,B
cell_01959,48.8466,49.4488,B
cell_00611,9.0315,11.6768,A
cell_00459,12.3695,7.7551,A
cell_02224,89.9396,24.0836,C
cell_00463,11.911,14.8927,A
cell_00793,13.5904,7.6265,A
cell_00505,10.3187,9.8096,A
cell_00309,8.2898,13.5487,A
cell_01517,50.2892,51.2041,B
cell_00364,7.9027,12.1155,A
cell_00580,11.8483,12.6224,A
cell_00106,7.8906,10.2894,A
cell_02285,87.344,26.7433,C
cell_01133,45.7847,48.0231,B
cell_00508,11.2043,10.1894,A
cell_01012,51.8018,50.1587,B
cell_01470,46.396,46.9481,B
cell_00947,12.3476,7.7618,A
cell_01190,47.7028,50.0441,B
cell_01214,53.1479,45.6309,B
cell_01349,44.4559,46.9636,B
cell_01662,51.0717,48.062,B
cell_01388,54.3274,53.2478,B
cell_01369,49.2318,50.1313,B
cell_02729,90.6191,22.5898,C
cell_00189,10.4154,13.6381,A
cell_02814,80.417,21.4443,C
cell_02121,87.5345,25.6121,C
cell_01767,55.7629,52.8672,B
cell_02882,78.3527,20.9502,C
cell_02839,87.5735,19.1308,C
cell_01292,53.248,54.1986,B
cell_02787,85.9828,27.3524,C
cell_02788,86.5874,18.559,C
cell_01476,50.7643,49.5288,B
cell_02994,81.2165,21.8064,C
cell_01800,50.1986,47.272,B
cell_00863,11.4249,9.0786,A
cell_01174,50.4147,49.6918,B
cell_01417,54.8693,52.2948,B
cell_02528,93.7282,21.3564,C
cell_01116,50.3593,46.8047,B
cell_00354,9.5721,12.4222,A
cell_01035,55.2826,49.742,B
cell_02082,89.0067,27.1286,C
cell_00732,13.3767,13.7457,A
cell_00703,8.7451,9.4916,A
cell_02007,87.3605,25.3473,C
cell_02869,90.5918,22.1147,C
cell_02769,86.7677,18.3855,C
cell_00161,8.6426,10.5474,A
cell_02509,85.0535,17.2484,C
cell_01228,49.1302,50.7253,B
cell_01770,51.6887,47.6176,B
cell_01810,46.8335,48.5793,B
cell_01138,44.9391,49.3634,B
cell_01199,48.9384,51.2249,B
cell_02496,85.7571,18.4205,C
cell_00163,10.9536,11.1551,A
cell_02402,79.9441,23.0391,C
cell_02025,85.3055,18.7742,C
cell_00186,12.9956,8.8144,A
cell_00460,12.8585,8.1586,A
cell_01339,53.5745,44.9992,B
cell_02521,79.2803,22.2447,C
cell_01008,58.2494,50.9474,B
cell_02991,85.7139,17.8406,C
cell_02073,93.1547,22.4866,C
cell_02596,79.9616,22.7699,C
cell_01802,44.1282,48.6154,B
cell_00369,12.7348,9.9711,A
cell_01169,52.4469,47.0685,B
cell_01258,44.7896,48.0611,B
cell_00494,8.9882,9.9982,A
cell_00232,10.4253,9.614,A
cell_02097,87.9591,25.3622,C
cell_00334,9.1201,12.6074,A
cell_02302,87.2194,27.8808,C
cell_00789,8.8281,12.9865,A
cell_02139,79.0411,22.5529,C
cell_02955,91.562,21.7105,C
cell_02290,92.9638,22.1617,C
cell_00381,7.9495,12.5202,A
cell_02908,85.0799,17.7917,C
cell_02196,87.4842,24.0394,C
cell_01386,44.1045,47.3378,B
cell_01632,46.0521,47.3158,B
cell_02096,86.1469,18.6337,C
cell_02179,79.5907,22.3776,C
cell_01804,51.4842,48.6839,B
cell_01796,54.0872,50.6405,B
cell_02785,85.7819,18.1547,C
cell_01375,54.479,51.7776,B
cell_01540,45.2072,47.8893,B
cell_00208,8.2045,14.2482,A
cell_01855,54.6874,51.9495,B
cell_02909,81.659,23.8754,C
cell_01280,48.726,49.281,B
cell_00882,12.0498,10.2358,A
cell_00144,11.9283,10.1723,A
cell_00250,13.0363,12.0764,A
cell_01806,55.6095,51.0831,B
cell_02680,85.7918,18.158,C
cell_02103,88.4501,27.0384,C
cell_02832,79.4079,20.9476,C
cell_02472,89.1205,25.3406,C
cell_01592,56.0481,52.7341,B
cell_02226,86.79,19.6,C
cell_01759,45.7623,48.827,B
cell_02370,91.7629,21.7936,C
cell_02567,85.0744,18.1546,C
cell_01628,50.7385,49.8194,B
cell_01129,50.1531,45.7669,B
cell_01954,51.8446,49.8299,B
cell_02210,78.4767,20.3271,C
cell_01410,54.7447,53.3782,B
cell_01986,50.3779,49.4708,B
cell_00766,14.0357,12.2233,A
cell_02037,72.7551,19.5443,C
cell_00147,10.2697,9.6072,A
cell_01134,50.4799,49.7913,B
cell_02003,82.3139,22.2753,C
cell_02016,89.9832,16.538,C
cell_01636,55.1132,51.5286,B
cell_02849,92.8073,21.1444,C
cell_01222,50.5542,47.6804,B
cell_01304,54.3248,52.598,B
cell_01777,54.2402,44.9766,B
cell_00322,9.2041,12.166,A
cell_00112,9.611,9.3611,A
cell_00589,7.668,11.8037,A
cell_01433,50.6654,50.9844,B
cell_02093,79.7509,23.3056,C
cell_00137,7.5716,12.6763,A
cell_02693,80.6925,22.6843,C
cell_00654,13.6116,15.0129,A
cell_01869,50.5543,49.4343,B
cell_01630,44.8223,47.1041,B
cell_01048,53.617,45.9214,B
cell_02125,79.9655,22.3889,C
cell_00931,11.4572,10.4643,A
cell_00221,11.0034,10.0497,A
cell_00928,12.5378,8.0226,A
cell_02069,88.0619,26.0999,C
cell_01871,51.9229,46.53,B
cell_02619,93.4626,23.7064,C
cell_02142,79.5941,20.3857,C
cell_00534,13.2693,8.974,A
cell_01365,50.8656,48.8089,B
cell_00607,9.8011,9.9513,A
cell_00075,9.1409,11.442,A
cell_01479,52.0342,46.8303,B
cell_02117,79.5413,22.1831,C
cell_01323,49.7307,48.1921,B
cell_01927,47.5442,47.1042,B
cell_00114,10.0469,12.8555,A
cell_00987,12.6625,11.3806,A
cell_01893,50.3814,50.0878,B
cell_01435,55.5564,51.9968,B
cell_00223,13.1087,8.5221,A
cell_00519,12.8414,10.5839,A
cell_01120,53.5911,55.4977,B
cell_00036,19.5122,3.8711,A
cell_00831,10.8093,9.4414,A
cell_01816,50.478,50.9769,B
cell_02111,93.3947,22.0265,C
cell_00348,9.7374,9.472,A
cell_00168,10.8008,13.1595,A
cell_02795,88.2191,25.9059,C
cell_00117,9.6176,9.1063,A
cell_00531,13.8834,8.3776,A
cell_02494,80.3564,23.0312,C
cell_00321,9.4498,8.8654,A
cell_01029,49.8943,41.0173,B
cell_00474,9.3854,13.6768,A
cell_02262,80.1054,23.2286,C
cell_02191,87.131,25.9527,C
cell_02857,86.7379,28.437,C
cell_02522,92.7247,22.5649,C
cell_02792,87.4903,26.5139,C
cell_01602,48.9992,49.1997,B
cell_00228,9.74,9.9776,A
cell_01580,54.7838,51.0336,B
cell_01026,56.2672,51.3584,B
cell_02629,87.3813,23.6083,C
cell_02355,94.1961,22.8036,C
cell_00082,12.2145,7.8903,A
cell_01468,49.3111,49.6719,B
cell_01687,48.6466,50.9436,B
cell_00669,14.1019,9.4574,A
cell_00063,10.1874,9.9893,A
cell_00850,10.1717,9.4795,A
cell_02969,80.8685,23.4651,C
cell_01978,50.361,50.5364,B
cell_02364,80.3438,20.7254,C
cell_00516,13.6274,7.5135,A
cell_01355,45.1078,47.7071,B
cell_00110,10.4452,9.5149,A
cell_02090,87.5874,27.2024,C
cell_01980,50.7833,46.235,B
cell_02702,81.0713,23.7029,C
cell_02833,87.326,26.1563,C
cell_01126,49.6686,52.9912,B
cell_01089,49.9278,47.4589,B
cell_00312,9.5693,12.7621,A
cell_02681,87.8719,28.0263,C
cell_00020,8.53,11.0394,A
cell_00358,7.5415,9.9616,A
cell_00361,9.8461,9.6993,A
cell_02757,93.9723,22.2,C
cell_02056,84.1911,18.1302,C
cell_02724,85.7025,18.8193,C
cell_00393,12.9809,11.4926,A
cell_02343,86.495,18.9038,C
cell_02760,80.3953,20.896,C
cell_01848,49.0573,46.0842,B
cell_00658,10.1182,11.4103,A
cell_01247,51.4036,46.8308,B
cell_02756,80.3795,23.1506,C
cell_02646,85.5535,18.2435,C
cell_01850,55.6071,51.2941,B
cell_02165,79.6138,19.8317,C
cell_01875,51.2934,45.1085,B
cell_02089,91.1086,20.8266,C
cell_02860,86.0507,17.9234,C
cell_00371,13.0808,9.4241,A
cell_01643,51.8929,47.4873,B
cell_00314,11.4857,11.8818,A
cell_02517,92.4258,22.8863,C
cell_01716,51.2705,46.61,B
cell_00594,10.4104,10.8196,A
cell_00971,7.551,12.0285,A
cell_00203,8.6876,12.961,A
cell_01931,50.9732,46.0368,B
cell_02256,84.856,17.9601,C
cell_01789,44.3369,49.4815,B
cell_01603,44.4434,46.8789,B
cell_02665,91.36,22.4348,C
cell_00439,12.14,11.9192,A
cell_00327,8.6269,10.5018,A
cell_02020,86.6906,26.724,C
cell_02146,80.0402,22.1831,C
cell_00388,13.4351,8.5667,A
cell_01042,45.996,46.9784,B
cell_02953,80.3225,22.2299,C
cell_01188,44.5004,47.6087,B
cell_00282,9.496,12.8404,A
cell_02247,80.6388,23.3986,C
cell_00352,10.3163,10.3369,A
cell_01356,50.1515,47.4177,B
cell_00043,10.8348,6.1176,A
cell_02417,79.504,22.0032,C
cell_00102,13.7,9.9246,A
cell_02672,80.7006,21.5708,C
cell_02935,91.9292,22.9209,C
cell_00447,11.6649,10.1673,A
cell_02237,86.2656,19.3439,C
cell_01274,52.9476,45.5557,B
cell_00135,12.6991,9.0581,A
cell_00575,11.4547,15.1986,A
cell_00877,7.3835,13.2221,A
cell_01482,45.0267,47.2832,B
cell_00857,13.7411,5.4658,A
cell_00129,11.04,12.3434,A
cell_00748,9.252,10.4941,A
cell_00573,7.659,12.1378,A
cell_02486,92.2374,21.9196,C
cell_02684,86.8847,18.5239,C
cell_00876,10.2718,10.7515,A
cell_00104,13.0024,8.5977,A
cell_02294,85.8226,18.4593,C
cell_00411,13.7984,7.8204,A
cell_01972,50.1095,51.1251,B
cell_01179,49.6069,48.8785,B
cell_01781,45.6484,49.9753,B
cell_00605,8.8593,13.1947,A
cell_02859,79.61,23.2865,C
cell_02789,88.0882,26.3649,C
cell_02363,88.9376,25.8863,C
cell_01434,52.9265,45.5881,B
cell_00385,11.1935,11.2722,A
cell_01916,45.1426,48.9916,B
cell_00057,10.1415,10.2897,A
cell_00712,8.4163,12.1174,A
cell_00325,8.8042,9.3369,A
cell_00079,10.5329,10.0323,A
cell_00541,9.5801,13.0209,A
cell_00356,9.1691,10.2608,A
cell_00360,11.7207,8.2547,A
cell_01019,52.6011,70.1279,B
cell_02610,87.8961,27.5781,C
cell_02946,88.6422,22.3395,C
cell_00916,12.6811,8.1399,A
cell_00308,12.4959,13.8609,A
cell_01414,52.3739,46.6596,B
cell_00814,13.6272,7.9566,A
cell_02777,92.7269,20.7607,C
cell_01609,44.9844,47.8496,B
cell_01406,45.1531,48.3183,B
cell_01539,48.3429,49.9027,B
cell_00883,11.2452,12.9843,A
cell_00699,10.0461,8.5509,A
cell_01765,49.8254,50.459,B
cell_00004,7.0378,5.6276,A
cell_00216,10.9031,13.4753,A
cell_00977,7.902,8.1186,A
cell_00099,10.7824,10.2999,A
cell_01581,49.0528,50.4979,B
cell_01937,50.0047,50.5825,B
cell_02671,91.8401,21.1743,C
cell_01371,54.9777,52.5384,B
cell_02561,86.0312,18.4378,C
cell_02580,79.6865,22.3406,C
cell_01192,49.7619,50.69,B
cell_01766,49.9216,50.1621,B
cell_01958,49.7389,49.4821,B
cell_00701,9.5887,8.6281,A
cell_00456,6.7691,12.2326,A
cell_02365,92.0755,22.7519,C
cell_02216,85.9202,18.2754,C
cell_00522,10.4176,10.4768,A
cell_01261,50.2049,50.0185,B
cell_01894,45.8893,48.6293,B
cell_01038,46.1823,32.3072,B
cell_00390,7.3248,12.2849,A
cell_00952,13.4387,9.5074,A
cell_00412,8.4881,12.9215,A
cell_01734,50.3906,50.0533,B
cell_01596,51.0785,50.4114,B
cell_01302,48.5772,50.7611,B
cell_02548,84.951,18.1607,C
cell_01297,50.6564,50.2875,B
cell_01515,51.5947,46.2323,B
cell_01269,49.7429,49.9265,B
cell_02325,87.9691,28.1767,C
cell_01973,44.5633,47.309,B
cell_01991,52.4707,46.4626,B
cell_01022,50.0287,47.5165,B
cell_00502,13.1427,8.533,A
cell_02830,81.9066,23.869,C
cell_00759,11.8308,8.2787,A
cell_02208,85.4037,17.377,C
cell_00429,8.6013,8.7663,A
cell_01546,44.2349,48.9163,B
cell_01318,44.4805,48.8609,B
cell_01137,52.1866,45.763,B
cell_00074,14.3076,7.4511,A
cell_00026,0.833,11.5495,A
cell_01345,52.7959,45.1053,B
cell_02481,92.8575,21.2788,C
cell_01127,51.7355,44.8639,B
cell_01140,50.2823,48.1932,B
cell_00506,12.2964,12.6352,A
cell_01395,52.4863,47.6221,B
cell_02329,79.6516,21.3368,C
cell_02452,88.521,25.9271,C
cell_02733,78.7701,22.0939,C
cell_01719,47.0707,48.6971,B
cell_02669,80.0259,22.2641,C
cell_01121,55.0949,51.1209,B
cell_01666,51.3826,49.6132,B
cell_00587,9.6952,8.7531,A
cell_01721,50.4983,46.0465,B
cell_00612,8.4957,14.0442,A
cell_01139,55.8243,52.6392,B
cell_00426,12.4052,12.9017,A
cell_00649,7.2119,11.8337,A
cell_02029,91.6464,14.0717,C
cell_02448,90.7486,20.9718,C
cell_01943,52.3021,45.7054,B
cell_01409,54.1154,46.0866,B
cell_00566,8.9299,12.0383,A
cell_01682,54.5091,50.9313,B
cell_00886,9.5615,12.1764,A
cell_02898,90.1723,20.677,C
cell_02456,89.363,23.9835,C
cell_02667,78.9553,21.4895,C
cell_02582,85.5229,17.7042,C
cell_01901,50.3435,49.9518,B
cell_00630,9.645,13.6046,A
cell_02847,88.1272,26.996,C
cell_02221,79.7542,20.6252,C
cell_00501,11.5034,13.653,A
cell_02559,85.9922,17.041,C
cell_01831,43.29,48.2349,B
cell_00409,11.2887,10.5053,A
cell_01344,48.6733,50.0809,B
cell_00165,8.2805,12.6151,A
cell_02463,77.8891,21.7587,C
cell_00244,8.687,12.2946,A
cell_02827,89.9504,26.5541,C
cell_02796,86.7476,17.3963,C
cell_01523,50.3594,50.3184,B
cell_00379,10.5701,9.2544,A
cell_01088,46.1032,49.4617,B
cell_01764,51.8678,46.176,B
cell_02555,85.049,17.9411,C
cell_00295,9.9795,12.7911,A
cell_01897,45.7402,46.6643,B
cell_01870,55.29,51.687,B
cell_02155,85.9704,18.2267,C
cell_01877,45.1322,49.3283,B
cell_02131,85.9723,18.4885,C
cell_00316,9.6207,9.3387,A
cell_00529,11.7354,12.9482,A
cell_02928,85.7315,18.8026,C
cell_01178,51.7547,45.0478,B
cell_00190,7.7414,13.2417,A
cell_00028,19.1361,9.0282,A
cell_02754,80.624,23.5083,C
cell_00275,12.4619,11.3931,A
cell_02112,78.3539,21.921,C
cell_01075,51.6803,47.7384,B
cell_02404,92.3698,23.8655,C
cell_02574,81.4575,23.6165,C
cell_01832,45.6832,48.0262,B
cell_01904,49.9533,50.008,B
cell_02640,79.3327,21.0836,C
cell_01335,53.6104,46.2281,B
cell_02163,86.5982,27.202,C
cell_02213,79.2701,20.5816,C
cell_00586,8.1677,12.5353,A
cell_00838,12.282,14.3326,A
cell_00711,12.3078,10.2462,A
cell_02362,87.1263,24.2857,C
cell_02458,92.739,21.7067,C
cell_01251,51.0296,50.2966,B
cell_02980,89.1393,21.14,C
cell_02549,79.8015,21.0586,C
cell_01438,50.5875,49.8332,B
cell_01732,50.3302,50.7632,B
cell_01554,44.9387,46.33,B
cell_00817,10.2251,12.3814,A
cell_02886,89.3595,25.6382,C
cell_02718,92.6964,22.9954,C
cell_00958,11.4582,9.8323,A
cell_00303,8.0613,10.2775,A
cell_00572,7.7491,9.0004,A
cell_02612,81.1079,22.0727,C
cell_01923,55.4599,51.3528,B
cell_00631,10.8469,9.3409,A
cell_01512,49.693,50.1009,B
cell_02427,78.5024,19.8922,C
cell_02892,89.6419,20.9676,C
cell_02190,93.4329,21.6298,C
cell_01064,55.1924,52.9498,B
cell_01780,55.2886,53.093,B
cell_02438,87.3154,26.9912,C
cell_02168,85.8978,17.2291,C
cell_02278,78.2723,21.9626,C
cell_02602,79.7615,21.845,C
cell_01794,50.2686,49.642,B
cell_01784,51.1958,47.3351,B
cell_00924,12.3501,10.6852,A
cell_00723,9.1484,8.6684,A
cell_00060,8.6738,12.5442,A
cell_02201,94.0419,21.7298,C
cell_02462,78.7279,22.07,C
cell_01864,44.4025,50.1295,B
cell_00024,8.1972,10.0315,A
cell_00578,7.5316,11.9929,A
cell_00684,14.7424,7.9944,A
cell_01016,50.8683,54.9965,B
cell_00347,9.7881,12.7238,A
cell_02877,89.753,26.6261,C
cell_01556,50.112,47.3256,B
cell_02948,92.0805,23.5279,C
cell_00009,16.8839,12.9821,A
cell_02912,85.3556,18.0447,C
cell_00229,9.0863,13.2255,A
cell_00490,13.3518,8.2964,A
cell_02616,85.9135,18.2073,C
cell_00830,12.7793,8.4992,A
cell_02985,89.2299,25.9263,C
cell_01874,49.679,49.9037,B
cell_00450,7.048,12.294,A
cell_02464,80.6825,23.6217,C
cell_00016,9.2423,10.3672,A
cell_01115,52.6523,46.269,B
cell_02810,94.6425,21.6154,C
cell_01389,52.1917,46.4079,B
cell_02421,79.1854,21.4999,C
cell_01589,49.1833,49.3707,B
cell_00824,7.5592,13.2597,A
cell_02140,86.8108,18.0515,C
cell_02735,79.6297,22.9866,C
cell_01227,51.2942,48.6703,B
cell_01876,56.0638,53.6774,B
cell_02941,89.9781,20.8037,C
cell_01915,55.1501,51.7996,B
cell_01232,52.5619,52.8016,B
cell_01847,51.5169,46.2175,B
cell_01010,53.1179,43.009,B
cell_01705,49.7831,50.5371,B
cell_02312,93.0982,23.1219,C
cell_02708,88.5652,25.1232,C
cell_02753,93.3371,23.2152,C
cell_02396,80.6879,22.6408,C
cell_01107,45.3699,46.5902,B
cell_00498,12.9176,8.593,A
cell_00353,11.3734,8.3012,A
cell_01853,43.8694,47.7329,B
cell_00443,11.9034,9.573,A
cell_00002,10.6257,15.6526,A
cell_00286,14.0938,7.2427,A
cell_01561,50.8763,49.2325,B
cell_01647,42.9679,45.3268,B
cell_00784,13.4645,9.6734,A
cell_00861,8.9837,12.3925,A
cell_01907,50.5751,49.0277,B
cell_02638,80.5766,20.8349,C
cell_00349,12.9615,9.2132,A
cell_00069,8.6053,11.4428,A
cell_00404,13.3319,10.7846,A
cell_02327,87.6024,27.775,C
cell_00755,13.7021,11.5337,A
cell_00798,10.3575,13.2819,A
cell_01051,50.5007,51.0925,B
cell_02966,88.3655,24.0084,C
cell_02944,91.6375,22.2861,C
cell_00178,12.5702,6.8829,A
cell_00954,7.5534,12.2975,A
cell_01381,51.9412,45.4365,B
cell_02061,87.6078,26.8635,C
cell_02762,80.3303,23.1902,C
cell_02439,78.6886,20.64,C
cell_01819,51.3256,45.216,B
cell_00253,13.1325,7.8147,A
cell_01439,51.9627,47.3172,B
cell_00559,9.7698,10.0135,A
cell_01578,53.8913,49.685,B
cell_01843,47.2088,48.9725,B
cell_00194,13.6441,9.1412,A
cell_02876,85.4292,18.2741,C
cell_01508,53.4089,45.9797,B
cell_02538,92.1717,22.7356,C
cell_01926,45.0495,49.2008,B
cell_00245,8.3149,9.8456,A
cell_00446,7.9534,12.8124,A
cell_00477,11.4973,8.08,A
cell_00539,8.1828,9.7748,A
cell_01331,56.1658,54.9096,B
cell_00256,8.8651,11.3394,A
cell_00452,10.9204,9.2749,A
cell_02746,88.728,24.5758,C
cell_01489,49.6799,51.6952,B
cell_02332,90.0068,22.3196,C
cell_02606,86.1033,17.7143,C
cell_02400,87.3161,25.5069,C
cell_02473,85.2968,17.7679,C
cell_02321,90.9324,22.0961,C
cell_02858,86.5772,18.2887,C
cell_00949,7.1988,12.9923,A
cell_00511,11.0326,10.2585,A
cell_01394,45.3772,47.3337,B
cell_01509,54.28,53.0909,B
cell_01820,46.7295,48.1519,B
cell_02658,78.4017,20.8111,C
cell_01332,53.3207,45.964,B
cell_01310,46.8854,49.1286,B
cell_01803,51.9138,47.4278,B
cell_02057,79.8759,22.6781,C
cell_02418,93.5089,23.2524,C
cell_02432,85.8311,17.9368,C
cell_01852,42.6721,47.7573,B
cell_02415,85.159,18.3359,C
cell_02373,80.0034,21.5261,C
cell_00622,12.6116,12.7024,A
cell_01511,55.3784,50.3056,B
cell_01756,54.1041,51.1416,B
cell_01672,44.0313,48.9454,B
cell_01701,54.9401,51.8345,B
cell_02514,90.1433,21.9649,C
cell_01201,45.8085,49.6625,B
cell_02668,79.6144,22.5606,C
cell_00664,9.7259,11.4583,A
cell_00775,11.8877,10.5531,A
cell_00574,9.7982,10.2562,A
cell_01873,46.1755,48.9212,B
cell_02311,88.7495,25.2971,C
cell_01775,45.2375,48.1119,B
cell_02597,79.9991,20.9328,C
cell_02349,86.0197,18.006,C
cell_01122,49.3193,46.4438,B
cell_02019,89.1245,23.5732,C
cell_02506,92.755,23.0749,C
cell_01938,52.094,50.0347,B
cell_00140,7.519,11.187,A
cell_01983,43.8971,47.6546,B
cell_00283,13.7904,8.7379,A
cell_00259,11.9996,7.6152,A
cell_00617,10.6578,10.3555,A
cell_02083,86.294,25.7648,C
cell_02092,81.6107,22.841,C
cell_00726,11.0888,12.4822,A
cell_01637,49.2682,48.8702,B
cell_02087,93.2242,23.6045,C
cell_00678,8.0259,13.2746,A
cell_01946,52.6899,46.947,B
cell_01153,45.0985,47.5334,B
cell_01921,52.5144,47.0775,B
cell_00056,10.77,9.7474,A
cell_01947,50.4808,49.8269,B
cell_02212,92.0053,24.077,C
cell_01412,46.109,48.797,B
cell_02198,86.1814,28.0218,C
cell_01289,48.7424,50.9923,B
cell_00167,8.1751,11.5794,A
cell_02846,92.3935,22.7153,C
cell_00873,10.1555,13.421,A
cell_01362,45.4332,47.5857,B
cell_00888,11.455,11.8881,A
cell_00889,10.3164,11.6074,A
cell_02422,89.4789,26.2354,C
cell_02391,85.4179,30.4983,C
cell_02423,80.2496,23.0968,C
cell_00499,6.6927,13.6152,A
cell_00715,11.3154,12.918,A
cell_02700,93.6782,21.2688,C
cell_01057,56.1104,52.3524,B
cell_02713,84.5002,16.9418,C
cell_00365,8.6813,11.7882,A
cell_02983,86.1683,18.1194,C
cell_02284,81.1961,20.8846,C
cell_01728,51.5725,44.9568,B
cell_01982,43.9593,46.9557,B
cell_02984,92.9279,22.8642,C
cell_00801,11.4311,9.867,A
cell_00618,8.0116,11.6437,A
cell_02848,80.0442,21.3071,C
cell_00601,8.8564,11.3583,A
cell_00124,8.2973,12.2537,A
cell_01598,48.945,49.624,B
cell_00335,10.3255,9.1144,A
cell_02249,81.6356,20.8032,C
cell_02041,91.0828,22.3893,C
cell_02381,85.0634,18.4581,C
cell_00981,10.9674,9.8419,A
cell_01689,52.2191,47.4754,B
cell_02643,86.2936,17.7066,C
cell_02086,85.3368,18.0505,C
cell_00919,9.1747,11.2471,A
cell_01080,48.9948,46.9732,B
cell_03000,86.8262,18.1465,C
cell_00582,7.6725,13.0626,A
cell_02922,87.7901,26.691,C
cell_01617,50.7136,50.367,B
cell_01275,48.875,51.3036,B
cell_01285,55.2113,52.0977,B
cell_01195,51.1046,47.14,B
cell_00829,12.2012,12.8276,A
cell_00992,11.2957,12.517,A
cell_01198,55.4164,49.6112,B
cell_01196,41.5669,45.7527,B
cell_01825,54.0372,51.9171,B
cell_01351,50.5157,50.3455,B
cell_01528,46.4407,49.4395,B
cell_01559,49.9872,48.0993,B
cell_02371,90.8621,22.3406,C
cell_02207,94.503,24.0985,C
cell_00410,9.9689,10.5998,A
cell_00676,12.8359,7.8654,A
cell_00298,9.249,8.1262,A
cell_00926,8.0527,12.9929,A
cell_00023,12.2319,4.9416,A
cell_02015,85.8977,30.2858,C
cell_01930,50.8846,49.1773,B
cell_00729,12.3977,6.6864,A
cell_01622,43.1814,47.6633,B
cell_01347,48.8174,50.1037,B
cell_01308,50.9035,47.7343,B
cell_02012,82.492,23.7656,C
cell_00672,9.1603,9.2905,A
cell_01673,42.9752,47.1606,B
cell_01200,44.8546,46.8263,B
cell_00182,10.5887,9.8889,A
cell_01750,46.6155,48.2225,B
cell_02902,79.2273,22.5051,C
cell_00294,8.4742,11.1126,A
cell_00202,10.416,10.2089,A
cell_02099,90.7614,19.5918,C
cell_00127,15.084,7.8497,A
cell_00532,8.3452,10.0382,A
cell_01432,49.5697,49.0717,B
cell_00200,13.1423,9.5239,A
cell_01498,56.0946,51.4103,B
cell_02066,88.0844,23.3918,C
cell_01912,50.7895,51.1052,B
cell_00693,12.9993,8.7005,A
cell_00935,9.4651,11.1905,A
cell_00687,9.7398,8.5386,A
cell_00818,9.2128,12.2617,A
cell_00217,7.9928,10.9786,A
cell_02791,88.7381,26.1034,C
cell_01278,44.0185,48.3861,B
cell_00153,10.1504,12.6466,A
cell_02390,92.4814,21.9966,C
cell_01842,50.9948,49.9032,B
cell_02243,91.4467,21.2228,C
cell_00966,10.115,9.5955,A
cell_00479,10.0004,9.8799,A
cell_01283,49.5708,50.8719,B
cell_01605,51.5578,45.0642,B
cell_01667,49.6248,50.1048,B
cell_02812,87.4514,26.6659,C
cell_01151,52.1612,45.5859,B
cell_00813,8.7074,11.8485,A
cell_02781,88.7162,23.7619,C
cell_01555,42.4159,47.5101,B
cell_00251,9.4097,12.641,A
cell_00844,10.7483,11.108,A
cell_02372,87.005,18.7181,C
cell_01265,50.9014,49.6187,B
cell_01009,50.4774,47.5741,B
cell_00328,11.0038,9.9066,A
cell_00968,13.4142,7.8039,A
cell_00950,13.3682,7.0938,A
cell_02305,88.9002,23.6986,C
cell_00973,8.0819,13.0915,A
cell_00188,9.5521,9.4797,A
cell_00247,8.4821,10.0127,A
cell_02074,80.5453,21.8148,C
cell_02487,89.0388,24.9602,C
cell_02895,85.1626,18.1795,C
cell_02348,86.8372,18.2794,C
cell_02303,80.1009,23.2576,C
cell_01327,52.609,46.0284,B
cell_00284,10.5344,9.2697,A
cell_02293,91.6785,23.208,C
cell_00158,10.0582,11.6556,A
cell_02280,85.4749,17.1843,C
cell_01506,53.5815,53.6845,B
cell_00904,9.1529,11.1447,A
cell_01346,49.1568,49.73,B
cell_01270,50.843,45.9537,B
cell_02431,87.1947,24.8065,C
cell_00976,9.6886,9.6432,A
cell_02361,89.1692,24.5374,C
cell_01646,46.3296,47.2022,B
cell_01680,55.0223,51.2874,B
cell_02161,84.8954,18.2819,C
cell_00123,10.4568,10.5087,A
cell_01073,50.2045,48.3972,B
cell_01535,54.9721,51.1473,B
cell_01305,51.7046,44.9831,B
cell_02424,88.8158,26.0957,C
cell_02519,86.5448,17.2544,C
cell_00418,13.4082,8.4379,A
cell_02728,88.9812,25.6605,C
cell_00870,13.6562,8.5698,A
cell_02433,88.6086,25.3037,C
cell_01031,47.9065,43.0406,B
cell_02950,88.476,26.1861,C
cell_02167,86.7355,27.079,C
cell_00757,11.3473,11.0093,A
cell_01702,50.4725,47.7214,B
cell_01543,55.6932,52.6949,B
cell_01157,52.0849,45.5739,B
cell_01109,56.0682,52.0514,B
cell_00068,13.1052,13.2838,A
cell_02971,89.1515,25.0664,C
cell_00333,10.7914,10.3899,A
cell_01593,50.6357,46.218,B
cell_00337,10.1634,10.61,A
cell_00913,10.2178,12.6869,A
cell_01576,48.7863,49.8013,B
cell_01537,54.7727,52.6668,B
cell_02765,90.4358,21.6511,C
cell_00473,8.9106,12.5109,A
cell_00902,10.5304,9.2905,A
cell_01407,43.2899,47.8528,B
cell_00866,8.9386,9.9415,A
cell_01536,44.5003,47.9698,B
cell_00885,10.2744,10.7836,A
cell_00478,9.2313,9.5735,A
cell_01330,43.3077,48.0401,B
cell_01567,44.4064,46.7389,B
cell_01343,46.6789,49.8325,B
cell_00742,7.7512,10.9991,A
cell_02761,86.7609,17.6212,C
cell_01341,51.3547,48.4653,B
cell_02614,85.8972,18.102,C
cell_00133,9.6364,12.3234,A
cell_02766,84.9674,17.6191,C
cell_02607,91.2316,22.0874,C
cell_00982,9.6098,10.1283,A
cell_01234,51.2735,48.894,B
cell_02051,92.7623,21.6179,C
cell_01629,52.5495,50.1112,B
cell_02242,86.7293,24.0321,C
cell_01757,47.6111,47.8928,B
cell_02460,86.1976,18.1884,C
cell_01150,54.1002,50.8802,B
cell_02797,86.5904,18.186,C
cell_02320,87.7709,27.5651,C
cell_02516,81.2172,20.9804,C
cell_00257,13.1491,7.8535,A
cell_00551,9.3567,7.8475,A
cell_00634,8.5419,12.2853,A
cell_00899,13.4622,10.1372,A
cell_00290,10.9521,10.63,A
cell_02397,78.6142,21.325,C
cell_00778,11.5,8.264,A
cell_02357,83.0892,24.4173,C
cell_00054,11.6523,10.1214,A
cell_01808,55.8271,51.2824,B
cell_02153,85.6612,17.3169,C
cell_00558,10.5261,9.7295,A
cell_02763,81.9158,21.5102,C
cell_00041,11.5705,12.6384,A
cell_02181,90.6009,19.7072,C
cell_01173,48.9623,49.7858,B
cell_00262,10.2426,11.0392,A
cell_02174,79.5667,22.4491,C
cell_02079,86.3026,17.8067,C
cell_00084,7.6298,12.0661,A
cell_02399,86.9324,18.2146,C
cell_02420,87.5555,25.9987,C
cell_01084,44.0861,49.1723,B
cell_01890,45.4614,47.8306,B
cell_02783,87.598,25.8152,C
cell_02009,86.6277,15.8624,C
cell_00031,11.485,9.3079,A
cell_01538,44.5269,47.6387,B
cell_00783,8.8365,12.3843,A
cell_02416,91.3235,21.1633,C
cell_02737,79.5404,22.7054,C
cell_00209,8.4966,12.7869,A
cell_02657,86.3329,17.8818,C
cell_01914,50.1073,47.3383,B
cell_01607,50.7889,51.4717,B
cell_01021,46.7148,49.425,B
cell_02656,79.6702,21.4742,C
cell_01404,50.4736,49.6697,B
cell_02046,88.547,20.9514,C
cell_01207,56.3467,51.534,B
cell_02891,91.9917,20.7212,C
cell_00049,10.6812,10.6879,A
cell_00210,9.9222,9.8042,A
cell_02223,79.1094,21.3706,C
cell_01492,55.1917,49.192,B
cell_00894,12.9189,7.9122,A
cell_00154,13.3294,8.6543,A
cell_02301,79.9361,23.906,C
cell_01591,53.2513,52.1944,B
cell_00395,10.7121,11.1095,A
cell_01148,50.5322,49.7026,B
cell_01380,52.3319,46.694,B
cell_01968,54.4908,51.4382,B
cell_01159,49.3648,48.7494,B
cell_02058,92.7238,21.3255,C
cell_00269,12.293,11.0739,A
cell_00386,9.6431,12.985,A
cell_01634,47.6481,51.5436,B
cell_01245,50.004,50.4813,B
cell_00042,12.4472,7.1461,A
cell_02940,87.5838,28.0269,C
cell_00598,10.6315,10.2306,A
cell_01090,50.3847,47.7215,B
cell_01932,44.9437,47.506,B
cell_01657,54.7517,51.7519,B
cell_00681,13.8805,7.1511,A
cell_00570,9.7723,8.5612,A
cell_00525,13.573,13.5446,A
cell_02723,85.9644,17.8288,C
cell_01566,49.5712,49.8361,B
cell_00103,8.5741,12.2328,A
cell_01329,54.3692,54.2703,B
cell_02144,89.6023,25.1217,C
cell_02896,91.4704,22.5492,C
cell_00305,10.6643,10.4443,A
cell_01519,47.0281,48.0973,B
cell_01017,52.3008,45.7107,B
cell_02406,91.5727,21.8139,C
cell_02116,87.0013,27.4446,C
cell_00222,10.9873,10.6399,A
cell_02425,86.3959,18.1216,C
cell_00226,12.9774,12.6476,A
cell_02840,85.79,18.8951,C
cell_02356,79.6773,22.5571,C
cell_01761,55.5134,50.0862,B
cell_01361,44.5902,49.9692,B
cell_02799,88.6586,25.2717,C
cell_02409,85.0966,17.8686,C
cell_01493,51.4055,45.6021,B
cell_02189,87.5059,25.8214,C
cell_02202,80.5585,21.3232,C
cell_02010,85.596,23.8939,C
cell_00206,11.3865,10.5812,A
cell_01028,49.5409,48.0806,B
cell_02707,88.6773,26.8357,C
cell_02080,90.9524,21.5143,C
cell_01047,19.5236,49.0089,B
cell_00694,9.4031,12.1708,A
cell_02360,92.2316,20.4754,C
cell_02324,78.9476,20.4791,C
cell_01187,50.3084,50.8291,B
cell_01370,50.6883,49.6617,B
cell_01908,54.8786,48.7652,B
cell_00017,12.3607,11.0927,A
cell_02970,78.6996,22.1419,C
cell_01677,49.3269,49.3295,B
cell_01185,55.2395,50.1107,B
cell_00657,7.9651,12.1199,A
cell_01572,46.5563,47.7096,B
cell_01738,46.0377,49.5392,B
cell_01420,49.7769,52.4186,B
cell_00400,11.7408,12.5387,A
cell_00619,9.4478,10.7546,A
cell_00509,12.0108,8.5615,A
cell_00868,14.237,14.7878,A
cell_00887,9.3269,9.8359,A
cell_00600,13.0921,9.9096,A
cell_02699,80.326,21.1946,C
cell_00458,9.2561,12.5443,A
cell_01118,50.1757,51.8252,B
cell_00871,11.2381,10.8726,A
cell_00791,9.5168,11.1302,A
cell_00955,13.8177,9.0089,A
cell_00651,12.0583,10.7139,A
cell_00734,8.9428,12.2749,A
cell_02803,91.8514,20.7671,C
cell_00380,9.845,12.7257,A
cell_00957,10.068,10.5809,A
cell_00172,10.5098,10.9193,A
cell_01945,54.5736,53.5472,B
cell_00660,13.2835,7.9796,A
cell_01095,50.5456,51.9445,B
cell_00643,9.1779,9.0522,A
cell_00169,11.5372,10.2983,A
cell_01518,43.9222,47.0382,B
cell_01801,55.8511,50.5523,B
cell_01918,55.2109,51.987,B
cell_00273,8.7556,10.2353,A
cell_01216,54.9992,53.2936,B
cell_01119,55.4892,47.2175,B
cell_02465,93.8073,22.7795,C
cell_01067,55.0836,51.0621,B
cell_02105,85.664,18.3836,C
cell_02736,92.6898,22.6221,C
cell_02298,86.245,18.0579,C
cell_01913,49.7234,49.9187,B
cell_00039,13.778,4.3893,A
cell_00307,12.0743,9.8969,A
cell_00007,14.3488,8.2348,A
cell_00782,8.5715,14.1218,A
cell_01191,45.0233,49.253,B
cell_00535,8.7447,9.1425,A
cell_00584,10.3949,8.8307,A
cell_02376,86.4596,18.1374,C
cell_02921,87.2752,25.7984,C
cell_02518,79.7629,21.667,C
cell_02730,87.3819,18.7423,C
cell_02195,85.8829,18.531,C
cell_00317,10.908,9.9691,A
cell_01795,43.3135,46.7018,B
cell_00272,9.3442,9.9238,A
cell_00549,8.9965,12.6468,A
cell_01693,55.2244,52.9958,B
cell_01720,50.9078,51.3701,B
cell_02740,86.615,17.2312,C
cell_02750,86.2736,18.2456,C
cell_00599,7.9884,8.8547,A
cell_01690,52.2879,46.0466,B
cell_00895,7.2736,8.5054,A
cell_02594,86.9105,26.2161,C
cell_01776,47.1661,49.4669,B
cell_00571,8.7394,7.8709,A
cell_02000,43.4555,46.9839,B
cell_02123,86.3007,18.133,C
cell_00062,7.8368,13.0112,A
cell_01248,52.6457,47.0129,B
cell_02981,81.641,23.21,C
cell_01260,51.1476,46.5867,B
cell_00810,10.1406,9.789,A
cell_01050,47.8516,48.5754,B
cell_02743,86.1032,17.7537,C
cell_00108,8.2971,13.0858,A
cell_00674,13.4738,8.1877,A
cell_00666,9.8472,10.3517,A
cell_00510,12.3259,8.4327,A
cell_01641,46.6469,49.1188,B
cell_02624,88.1283,24.0099,C
cell_01533,53.3708,45.7228,B
cell_00867,8.335,11.531,A
cell_01856,48.8446,49.98,B
cell_01737,46.2796,48.1956,B
cell_02995,87.7331,26.1749,C
cell_01061,50.8609,50.0861,B
cell_02106,86.3952,17.8934,C
cell_02712,87.3458,26.3654,C
cell_01974,50.272,50.5354,B
cell_00590,13.2638,13.6238,A
cell_02387,79.7212,22.3822,C
cell_02595,86.616,25.7866,C
cell_00087,12.8245,10.2989,A
cell_02874,88.7105,24.4903,C
cell_00772,10.4178,12.5845,A
cell_02358,81.3229,21.7975,C
cell_01250,44.6939,47.9376,B
cell_00709,12.1712,9.5483,A
cell_02850,87.0145,27.7481,C
cell_01861,50.496,47.0963,B
cell_02129,81.1245,21.684,C
cell_02626,80.2455,22.0218,C
cell_00419,8.7503,13.2309,A
cell_01462,54.3788,56.1269,B
cell_01485,52.2083,48.9374,B
cell_02751,93.4842,22.343,C
cell_02862,79.5879,23.3545,C
cell_00852,9.3692,12.3287,A
cell_01005,53.4141,53.9601,B
cell_01997,50.9196,49.1206,B
cell_01835,53.0501,45.8238,B
cell_02826,91.2441,21.5865,C
cell_00437,9.7175,13.1918,A
cell_01317,49.7465,48.0957,B
cell_01624,50.4382,49.4214,B
cell_01481,46.5248,47.5413,B
cell_01649,45.1982,47.1348,B
cell_01004,48.6572,48.9028,B
cell_01279,44.8083,46.6458,B
cell_01824,50.6324,48.6322,B
cell_02412,86.8792,25.4943,C
cell_02864,80.9889,22.3665,C
cell_01837,42.3633,47.2898,B
cell_02820,81.9489,23.0034,C
cell_01547,41.9735,46.6607,B
cell_00336,7.0817,13.0123,A
cell_00089,10.2981,12.4395,A
cell_00875,10.0942,11.9702,A
cell_02609,92.1421,21.0304,C
cell_00544,9.8373,9.2015,A
cell_01242,45.7208,49.2342,B
cell_01881,51.7514,50.4214,B
cell_02871,79.0383,21.1742,C
cell_02475,87.4574,25.1811,C
cell_00320,7.8781,11.7011,A
cell_00520,8.7978,11.2095,A
cell_02679,79.8674,23.0032,C
cell_00879,13.1945,9.8552,A
cell_00826,13.4453,8.7648,A
cell_01291,50.0252,50.4114,B
cell_02550,79.0369,21.1089,C
cell_02529,85.6661,18.9459,C
cell_00139,8.7716,12.8586,A
cell_00164,13.4947,9.5279,A
cell_01619,48.0753,50.303,B
cell_02809,79.9231,21.3395,C
cell_01792,56.5477,51.6692,B
cell_01046,48.4699,50.5405,B
cell_00961,12.8975,12.7073,A
cell_01751,55.2232,50.5819,B
cell_02997,92.2393,22.2366,C
cell_02261,93.1129,22.0789,C
cell_01505,50.8898,51.5581,B
cell_02547,80.2167,22.3417,C
cell_02938,85.8352,17.7474,C
cell_01060,49.8418,51.0519,B
cell_02704,80.9572,22.972,C
cell_00656,9.7372,9.6339,A
cell_02065,85.5126,18.1035,C
cell_02310,80.4593,23.8539,C
cell_00138,7.5904,9.1086,A
cell_02351,88.465,25.5642,C
cell_01977,45.2548,47.4128,B
cell_01582,51.5733,49.1341,B
cell_00698,11.2032,11.7127,A
cell_01098,51.0928,50.6192,B
cell_02266,80.6107,23.6264,C
cell_02600,88.5332,27.5706,C
cell_01393,54.2211,52.7708,B
cell_02905,79.9532,21.8717,C
cell_01267,54.6743,49.8851,B
cell_00136,9.0394,13.6255,A
cell_01170,45.4408,48.0855,B
cell_02136,89.8282,25.5966,C
cell_01504,51.873,50.3691,B
cell_01363,50.6864,45.3151,B
cell_02389,91.7538,21.4597,C
cell_00149,10.9658,10.0968,A
cell_00304,10.966,13.1228,A
cell_01018,50.2807,53.9589,B
cell_01925,51.5109,50.4386,B
cell_01053,51.1742,50.6492,B
cell_02715,86.712,17.894,C
cell_02377,88.3453,26.5613,C
cell_01905,45.1053,48.448,B
cell_02589,80.1233,22.5293,C
cell_00199,8.5447,12.6396,A
cell_01769,48.8707,51.7811,B
cell_02241,91.9593,21.5571,C
cell_00405,11.871,13.5607,A
cell_02642,89.6374,21.7841,C
cell_00484,9.454,10.0669,A
cell_01183,45.9492,46.9004,B
cell_01340,53.2198,47.3762,B
cell_01281,54.9366,51.6945,B
cell_01032,49.1202,49.7074,B
cell_00792,10.7098,12.3587,A
cell_00800,14.4949,7.5395,A
cell_01202,44.9949,47.5245,B
cell_00423,12.0616,13.6957,A
cell_02960,92.999,21.2219,C
cell_01884,48.7784,49.7787,B
cell_02933,80.4072,22.2905,C
cell_01480,50.0755,48.7543,B
cell_01929,45.5547,48.1022,B
cell_02504,90.8328,23.298,C
cell_01530,54.0184,44.4151,B
cell_00903,8.3093,12.0559,A
cell_00686,8.0298,14.0191,A
cell_01552,50.5854,49.1166,B
cell_00160,9.4216,9.9005,A
cell_01000,11.6683,10.5412,A
cell_02434,80.2029,21.9106,C
cell_02805,88.8997,25.774,C
cell_02251,85.973,18.8076,C
cell_00113,13.9641,6.3526,A
cell_02831,79.5061,22.27,C
cell_01447,54.3919,44.951,B
cell_01953,55.4411,54.0391,B
cell_00923,12.4527,10.7027,A
cell_01625,51.689,45.7762,B
cell_02565,85.2575,18.0802,C
cell_01320,48.7529,50.7917,B
cell_01664,56.2378,52.3798,B
cell_00816,10.2656,10.1854,A
cell_02267,86.657,18.6666,C
cell_01474,54.7758,50.6187,B
cell_01774,49.8867,49.0338,B
cell_00680,9.6309,10.2587,A
cell_02542,81.1288,22.3679,C
cell_01094,51.0105,46.2095,B
cell_00081,11.5447,9.7076,A
cell_01951,51.2641,46.8382,B
cell_01240,49.2119,51.1679,B
cell_00330,9.9666,9.0776,A
cell_00243,9.7104,13.07,A
cell_00642,9.3162,9.1761,A
cell_00697,9.0171,13.5436,A
cell_02258,87.3704,25.3921,C
cell_00754,12.0925,10.5658,A
cell_00436,12.1589,11.972,A
cell_01564,50.4271,46.425,B
cell_01935,50.5212,50.4894,B
cell_02745,88.4786,25.9693,C
cell_01713,51.7773,47.2246,B
cell_00552,12.0077,9.8906,A
cell_02590,92.4224,21.021,C
cell_00602,11.1586,10.6136,A
cell_01965,45.4109,47.8284,B
cell_01014,48.757,50.5361,B
cell_02828,87.5169,26.0793,C
cell_01428,52.0033,45.6206,B
cell_02013,82.1446,26.7864,C
cell_01387,45.356,48.4319,B
cell_01296,46.1051,48.4798,B
cell_00467,13.9691,9.1659,A
cell_01500,43.8848,46.3306,B
cell_02556,93.014,23.4985,C
cell_02920,79.0736,21.9748,C
cell_00278,12.0341,15.375,A
cell_01070,49.8514,48.8971,B
cell_01549,53.56,43.0621,B
cell_01025,50.0004,43.0245,B
cell_01466,50.4418,50.7447,B
cell_00941,12.3556,11.7699,A
cell_01467,48.9647,50.5791,B
cell_01324,41.6027,47.264,B
cell_01400,51.9893,46.0895,B
cell_02466,88.9237,26.006,C
cell_01450,49.3671,48.1228,B
cell_00907,8.7804,13.5442,A
cell_02659,86.4875,27.1993,C
cell_01896,49.1796,48.0167,B
cell_00389,10.8059,13.1433,A
cell_02071,86.8856,25.6983,C
cell_02446,80.4648,21.5869,C
cell_02173,80.293,21.5724,C
cell_00881,9.6723,13.1701,A
cell_02717,87.274,25.3698,C
cell_00051,13.1383,7.6919,A
cell_01888,49.2628,50.2709,B
cell_01703,44.7026,49.6455,B
cell_00134,9.8256,10.7034,A
cell_01106,42.9348,47.7231,B
cell_00704,12.4324,8.7732,A
cell_00483,8.7264,9.6967,A
cell_01146,43.2535,47.4876,B
cell_02039,90.0427,25.9956,C
cell_02923,92.8368,21.793,C
cell_00067,11.806,13.8418,A
cell_02314,92.0643,21.786,C
cell_02620,85.8291,17.842,C
cell_00908,12.7259,8.8197,A
cell_00032,9.507,11.7566,A
cell_02817,88.4297,25.0456,C
cell_00011,11.6828,7.666,A
cell_00065,13.42,7.9758,A
cell_00777,13.1046,10.6216,A
cell_00078,10.0626,8.1719,A
cell_00492,12.8104,9.8087,A
cell_02988,93.5759,23.5049,C
cell_02114,86.1688,18.2767,C
cell_02742,88.9303,25.5483,C
cell_02345,85.4341,17.0312,C
cell_00592,13.2118,8.829,A
cell_01286,53.8548,51.7626,B
cell_02502,85.4551,18.9238,C
cell_00725,9.631,12.3013,A
cell_02500,80.4218,21.0473,C
cell_01213,52.4789,46.1702,B
cell_02300,80.171,21.432,C
cell_02560,86.3315,18.3041,C
cell_01638,52.3589,45.2415,B
cell_02837,86.0028,18.235,C
cell_02915,80.9086,21.4048,C
cell_00983,12.3126,14.0078,A
cell_00707,12.6908,9.7728,A
cell_01688,45.4537,48.4137,B
cell_02601,89.544,21.8705,C
cell_00274,11.3289,13.1951,A
cell_01710,54.4162,50.7527,B
cell_02720,84.8232,17.9868,C
cell_00964,12.0815,8.3295,A
cell_02495,91.3832,21.4464,C
cell_02836,86.0704,18.226,C
cell_02952,96.2747,22.0862,C
cell_02641,85.5506,17.148,C
cell_02537,91.2751,21.8154,C
cell_01453,54.7565,50.7051,B
cell_00150,11.0751,10.3835,A
cell_01758,45.5207,46.2199,B
cell_00219,8.899,12.5439,A
cell_00240,10.587,10.3917,A
cell_01132,45.9761,46.9876,B
cell_02686,85.8989,18.0414,C
cell_02240,85.0713,18.9802,C
cell_02382,81.323,21.5033,C
cell_01254,43.8852,48.595,B
cell_01054,55.0684,54.5471,B
cell_01669,45.5996,47.5888,B
cell_02526,91.6375,21.3815,C
cell_02957,78.9263,21.5905,C
cell_01358,54.7541,51.6348,B
cell_00776,13.35,8.7971,A
cell_02604,91.8024,23.0825,C
cell_00840,12.6943,12.5405,A
cell_00628,10.9821,10.6201,A
cell_00324,8.9062,12.5393,A
cell_02697,86.1093,17.6236,C
cell_02924,91.7152,21.647,C
cell_01868,48.131,48.1296,B
cell_01161,50.9002,48.934,B
cell_01077,49.5041,50.5795,B
cell_00438,8.7942,9.2815,A
cell_00120,8.7295,7.7214,A
cell_02627,80.1391,20.6022,C
cell_02457,85.7139,18.0905,C
cell_02632,90.819,21.9924,C
cell_01815,54.7617,52.851,B
cell_01840,55.6454,53.3652,B
cell_01027,48.0092,51.1324,B
cell_00077,10.6518,9.3897,A
cell_00901,7.6184,12.1512,A
cell_00372,12.4344,9.2837,A
cell_01205,51.1319,50.8828,B
cell_02532,78.399,20.9152,C
cell_00942,11.7594,13.187,A
cell_00553,11.3832,9.3338,A
cell_00407,12.3281,14.913,A
cell_02118,80.9853,19.7396,C
cell_01614,48.3121,48.9391,B
cell_00969,9.3634,13.667,A
cell_02350,79.1052,23.4449,C
cell_01747,53.4387,53.1139,B
cell_00690,12.9924,9.3105,A
cell_01739,55.0505,51.3487,B
cell_00237,11.2833,10.0019,A
cell_02854,88.5289,23.1738,C
cell_01987,52.452,47.3173,B
cell_01984,53.929,45.907,B
cell_00500,9.581,8.621,A
cell_00823,8.7557,10.1083,A
cell_00795,8.4285,11.7752,A
cell_00991,12.9159,8.6572,A
cell_00568,11.0775,9.6151,A
cell_02436,80.1369,22.42,C
cell_00391,13.2972,8.3208,A
cell_00744,9.365,9.2986,A
cell_02401,86.8765,18.3785,C
cell_01218,51.4205,51.8624,B
cell_00236,13.4014,8.1991,A
cell_02752,80.9939,21.07,C
cell_00481,9.0997,12.2175,A
cell_02043,84.2217,21.1842,C
cell_01678,45.4497,46.5313,B
cell_02732,88.2117,25.841,C
cell_02883,80.5031,20.6317,C
cell_02577,88.6586,24.4091,C
cell_02636,88.3272,26.2081,C
cell_00121,8.5219,10.7896,A
cell_01273,46.0568,50.1954,B
cell_00927,8.1943,13.2224,A
cell_01595,55.2749,50.279,B
cell_00224,9.4975,9.8494,A
cell_00767,10.8023,11.9551,A
cell_00614,12.7312,8.5717,A
cell_01246,54.8174,52.4696,B
cell_01541,44.1247,48.201,B
cell_00053,7.3245,11.611,A
cell_00530,13.3561,8.948,A
cell_01900,53.8323,44.5454,B
cell_02926,91.1437,20.7991,C
cell_00819,10.5568,12.1794,A
cell_00156,10.1289,11.1276,A
cell_02979,78.9224,20.2719,C
cell_00249,13.715,8.4909,A
cell_00762,12.8796,8.1404,A
cell_01895,44.2067,48.423,B
cell_02030,85.3659,21.4194,C
cell_01131,51.4099,47.4504,B
cell_00543,10.2544,12.236,A
cell_00794,10.8795,10.251,A
cell_01726,44.7431,48.4182,B
cell_00629,8.9823,10.2052,A
cell_02199,94.2272,22.0072,C
cell_02696,86.0122,18.4498,C
cell_02340,85.9044,17.8884,C
cell_02430,78.6273,24.1836,C
cell_02842,91.3999,21.4965,C
cell_01368,55.1372,50.7728,B
cell_01621,50.3016,50.0481,B
cell_02780,86.4283,18.2446,C
cell_01072,55.313,51.8586,B
cell_00555,13.2587,11.1029,A
cell_01829,45.2546,48.905,B
cell_00827,12.6793,13.2053,A
cell_02993,87.0612,27.5695,C
cell_01985,48.1129,51.5138,B
cell_01838,49.731,49.4551,B
cell_00536,9.3991,8.7787,A
cell_02666,87.0437,28.4795,C
cell_00155,9.9891,9.2778,A
cell_02575,90.5689,22.5247,C
cell_02808,80.6514,21.0911,C
cell_00323,12.373,9.1094,A
cell_01711,43.5843,47.6742,B
cell_00015,8.8778,12.0172,A
cell_01799,45.1551,48.8939,B
cell_02811,80.2159,22.2566,C
cell_00083,12.4336,8.1424,A
cell_01944,50.9693,47.9689,B
cell_01989,46.2647,49.6592,B
cell_01384,43.2359,46.8673,B
cell_01575,54.9386,51.5236,B
cell_02059,88.5468,26.7917,C
cell_02875,88.3718,25.9003,C
cell_01495,43.5426,47.7767,B
cell_00832,9.932,10.3611,A
cell_02081,85.6966,17.096,C
cell_01175,51.2385,50.6511,B
cell_00414,10.822,12.8666,A
cell_01818,56.1701,50.7337,B
cell_00166,14.0537,13.1794,A
cell_02919,86.7125,19.3772,C
cell_02917,93.0071,22.6345,C
cell_00615,7.8822,12.7786,A
cell_01015,50.2958,50.3011,B
cell_02138,87.964,25.1423,C
cell_02741,86.1302,17.4663,C
cell_01238,48.2977,48.2934,B
cell_02182,91.4637,22.7422,C
cell_00556,12.0815,9.1369,A
cell_02369,88.7567,25.3273,C
cell_02801,89.0456,27.0609,C
cell_01212,42.1496,47.6117,B
cell_02987,94.7098,22.5626,C
cell_00635,13.1535,14.2057,A
cell_01056,46.3073,47.4697,B
cell_02341,85.9029,18.8927,C
cell_01709,50.9673,47.8685,B
cell_00797,7.9931,12.6893,A
cell_02755,88.9235,25.0919,C
cell_00175,8.1197,13.0012,A
cell_00246,7.4439,12.6679,A
cell_01081,52.3813,45.1883,B
cell_01655,44.1718,47.5739,B
cell_02956,86.0454,16.894,C
cell_00145,6.9889,12.2094,A
cell_00146,11.8556,11.6774,A
cell_00091,8.6206,12.0843,A
cell_00683,9.5031,12.3669,A
cell_00311,12.8396,7.1237,A
cell_00094,10.6182,12.0596,A
cell_02639,79.7948,21.0911,C
cell_01957,44.4933,47.2429,B
cell_00925,9.6429,9.6385,A
cell_02738,85.9065,16.4876,C
cell_01910,50.3174,51.0805,B
cell_01036,55.2922,53.7054,B
cell_01401,50.0914,50.3064,B
cell_02292,85.344,17.5814,C
cell_01501,50.6302,46.3213,B
cell_02263,79.7811,22.7209,C
cell_01469,45.852,48.0747,B
cell_00999,8.2367,12.1213,A
cell_00854,13.4933,10.133,A
cell_02474,87.0228,17.3304,C
cell_02205,86.5847,18.2296,C
cell_01143,54.2624,50.1499,B
cell_01144,43.7197,46.8394,B
cell_02275,84.9875,17.8602,C
cell_02049,81.3519,20.9246,C
cell_00402,12.6656,9.6056,A
cell_01104,49.4376,50.155,B
cell_00085,7.9828,13.1883,A
cell_02211,87.2575,24.9614,C
cell_02878,89.3253,23.5192,C
cell_00115,9.199,12.9259,A
cell_02605,92.3097,22.4146,C
cell_01586,47.3671,50.0786,B
cell_01568,44.7888,47.7352,B
cell_01502,54.7596,51.1861,B
cell_01661,51.4351,47.7786,B
cell_01557,50.5451,46.3696,B
cell_02008,87.565,22.8643,C
cell_00626,10.5099,9.0094,A
cell_01886,52.2313,46.5596,B
cell_01867,56.0918,53.7013,B
cell_00953,9.9479,12.309,A
cell_02307,85.9687,17.5857,C
cell_00625,8.2082,11.9143,A
cell_00235,7.6494,12.4769,A
cell_02184,85.7877,19.2961,C
cell_02035,87.4322,20.0769,C
cell_01827,51.3142,49.7078,B
cell_02834,81.0584,21.3916,C
cell_01315,49.9776,49.0547,B
cell_01526,53.0334,45.7477,B
cell_01563,54.808,51.1617,B
cell_01753,49.6427,48.8343,B
cell_01606,45.2659,46.757,B
cell_00344,8.308,11.0757,A
cell_02967,90.8796,23.0123,C
cell_02342,94.5124,23.6317,C
cell_02413,79.4949,21.0931,C
cell_02227,85.0413,18.8091,C
cell_00997,11.2907,12.1055,A
cell_02063,88.1585,25.8585,C
cell_01111,53.4706,52.3862,B
cell_02214,85.6249,17.2677,C
cell_01360,54.574,45.7697,B
cell_02108,79.8729,21.9982,C
cell_00710,9.4614,10.0917,A
cell_01879,50.3059,48.2847,B
cell_01379,52.5123,45.2206,B
cell_00425,10.4495,11.3708,A
cell_00293,10.4988,9.9667,A
cell_01066,46.5593,48.4862,B
cell_02378,80.786,22.8208,C
cell_01639,49.7107,44.754,B
cell_02478,86.9983,18.0414,C
cell_01013,53.1551,46.3682,B
cell_02128,80.5763,22.4079,C
cell_01718,54.2301,51.8261,B
cell_00938,8.4703,13.3691,A
cell_00835,8.629,12.5288,A
cell_00255,11.835,11.0211,A
cell_01483,50.4626,50.1592,B
cell_02964,88.0284,24.2129,C
cell_01408,51.394,44.013,B
cell_02899,90.8367,21.7369,C
cell_02185,80.4109,22.1582,C
cell_00724,13.8561,8.5917,A
cell_00970,8.2794,9.7216,A
cell_00497,9.8616,10.5531,A
cell_00951,8.2663,9.0749,A
cell_00806,8.3645,10.3093,A
cell_01830,45.8479,47.8261,B
cell_02178,81.1643,22.9203,C
cell_01740,47.7045,49.8471,B
cell_00338,8.195,13.1547,A
cell_00731,12.6672,7.5926,A
cell_00609,13.4516,7.3698,A
cell_01149,54.7039,50.9281,B
cell_02244,86.1122,17.2095,C
cell_01714,54.679,47.2651,B
cell_02976,93.0629,23.1028,C
cell_00910,9.1926,10.721,A
cell_02633,78.3426,22.4105,C
cell_02152,85.7054,16.8786,C
cell_02011,79.5951,24.1009,C
cell_02492,89.9293,26.5499,C
cell_01811,46.034,48.3292,B
cell_01995,55.6589,52.3975,B
cell_00720,9.9477,15.1819,A
cell_01570,42.6031,47.5049,B
cell_02276,91.508,21.9895,C
cell_00435,13.8287,9.0624,A
cell_01300,51.1352,50.1888,B
cell_02175,90.3317,22.0016,C
cell_00406,10.1445,9.6729,A
cell_00822,8.7409,10.9993,A
cell_01790,46.1509,48.2416,B
cell_02901,80.1223,21.9188,C
cell_02352,93.5961,22.6617,C
cell_02316,93.3027,21.3424,C
cell_01859,51.0615,50.8113,B
cell_01558,45.5456,48.8536,B
cell_00546,11.113,12.1878,A
cell_00213,13.2313,9.2431,A
cell_00897,9.7983,12.1873,A
cell_01942,44.704,46.8042,B
cell_01892,50.4439,50.3976,B
cell_00917,8.929,12.2035,A
cell_01290,54.415,54.2292,B
cell_00815,11.1112,9.3804,A
cell_01266,49.7143,50.4288,B
cell_00343,8.6102,13.5372,A
cell_02598,87.9677,26.4084,C
cell_01411,49.8077,49.3267,B
cell_01215,48.7769,49.3962,B
cell_00967,8.8119,11.6216,A
cell_01231,51.5183,48.3053,B
cell_02344,84.5222,16.8117,C
cell_00696,10.854,12.1871,A
cell_02122,88.4172,27.2161,C
cell_00606,10.7769,10.5033,A
cell_00105,13.3933,8.167,A
cell_00646,9.1858,11.123,A
cell_01405,50.8011,47.1206,B
cell_00495,9.2052,13.4725,A
cell_02488,79.4356,22.2941,C
cell_01020,52.8892,38.7194,B
cell_00092,10.7181,11.9842,A
cell_01113,43.9743,48.0538,B
cell_00909,10.2394,10.1615,A
cell_01475,44.8242,47.4119,B
cell_01742,55.1452,52.8305,B
cell_02151,85.8361,17.5499,C
cell_00239,8.6881,11.0155,A
cell_00943,9.2516,10.2298,A
cell_01271,52.2503,45.8475,B
cell_00939,11.7773,10.3606,A
cell_01425,50.6876,50.2989,B
cell_01863,50.8291,49.3888,B
cell_01670,49.431,49.4002,B
cell_00006,8.8787,12.1036,A
cell_00248,8.6036,13.2344,A
cell_00019,11.4641,10.1941,A
cell_02170,95.2607,21.6162,C
cell_01971,51.1146,48.4907,B
cell_02710,93.7247,21.9595,C
cell_02233,80.2453,23.5748,C
cell_02323,87.3291,26.4554,C
cell_02482,86.865,19.0672,C
cell_00812,9.5229,12.3011,A
cell_01301,51.2288,48.0621,B
cell_01336,50.3641,49.2138,B
cell_02888,84.3456,17.6842,C
cell_00261,11.6345,11.6899,A
cell_01805,45.7189,47.8455,B
cell_01571,50.9009,45.9265,B
cell_02230,86.2313,17.899,C
cell_00185,8.9045,9.9815,A
cell_02455,79.8064,21.5525,C
cell_01744,50.8047,50.0358,B
cell_01631,54.6867,52.5083,B
cell_01717,45.9841,46.6937,B
cell_00521,9.0883,12.8816,A
cell_02429,87.1695,25.8544,C
cell_02017,90.0579,22.1735,C
cell_01659,49.8593,49.9422,B
cell_01613,54.8775,51.5353,B
cell_02476,92.9034,20.1558,C
cell_02127,87.8039,28.6579,C
cell_02974,86.8527,17.5676,C
cell_00608,14.1041,10.3061,A
cell_00231,8.5849,12.3748,A
cell_00332,11.9359,6.186,A
cell_01441,53.9856,53.0484,B
cell_01928,45.4369,50.7042,B
cell_01092,51.699,49.964,B
cell_01102,55.9767,49.5127,B
cell_01130,55.241,49.6868,B
cell_00462,12.439,9.2604,A
cell_00959,9.3352,12.9852,A
cell_01663,55.1282,51.3596,B
cell_00560,9.947,9.3301,A
cell_02739,84.591,27.3191,C
cell_02798,91.5361,21.5292,C
cell_01520,47.6826,50.0392,B
cell_02141,89.7008,22.186,C
cell_02887,86.0494,17.9756,C
cell_02033,84.2355,22.2576,C
cell_02485,79.3563,21.8588,C
cell_02539,92.6018,20.44,C
cell_02989,87.8098,27.3736,C
cell_02098,89.2205,27.2064,C
cell_02829,80.471,22.1995,C
cell_00070,13.532,8.9758,A
cell_01573,47.9519,49.5072,B
cell_00809,9.5695,13.3537,A
cell_00012,10.4637,15.2038,A
cell_02026,87.7427,16.6775,C
cell_02193,86.1067,18.5442,C
cell_00918,13.797,8.9379,A
cell_01452,46.0349,48.0056,B
cell_02688,86.0142,19.5674,C
cell_00177,13.3975,9.0534,A
cell_00995,7.9896,12.9153,A
cell_02489,88.6331,26.68,C
cell_02570,86.779,19.0297,C
cell_01256,52.2087,45.4299,B
cell_01665,50.4808,50.3783,B
cell_02192,88.3397,23.1743,C
cell_02568,92.698,21.0937,C
cell_02992,77.7454,22.464,C
cell_01791,51.1801,52.2102,B
cell_02477,87.261,28.6713,C
cell_02661,80.2608,21.8025,C
cell_00157,12.1608,9.9281,A
cell_02588,95.1862,21.9734,C
cell_01461,49.653,50.4576,B
cell_02047,85.6559,21.5509,C
cell_01851,47.6708,48.6983,B
cell_02510,79.4862,23.0548,C
cell_02625,79.8128,22.2639,C
cell_02304,93.9853,22.0221,C
cell_02006,81.4453,16.526,C
cell_01186,44.7304,46.9863,B
cell_01007,50.9963,49.7703,B
cell_00561,13.1897,8.0806,A
cell_02257,85.7923,18.7598,C
cell_00911,13.0191,9.562,A
cell_01312,51.5888,46.4463,B
cell_02050,88.7704,24.4311,C
cell_00270,9.0716,12.8734,A
cell_01994,48.7744,48.7221,B
cell_00266,13.322,8.8725,A
cell_00915,9.4127,9.85,A
cell_02279,80.5542,22.1913,C
cell_02232,92.9318,22.9965,C
cell_02973,87.255,25.2485,C
cell_00874,12.6168,7.4253,A
cell_02094,86.1125,18.6382,C
cell_02447,90.5507,19.1937,C
cell_00476,9.3394,7.5434,A
cell_01653,50.2221,50.2313,B
cell_01961,55.0117,51.4468,B
cell_00046,8.8349,10.914,A
cell_00162,7.6366,12.7333,A
cell_02776,86.4466,17.4496,C
cell_02678,87.9181,25.8452,C
cell_00289,9.536,9.9708,A
cell_02961,81.2523,21.1831,C
cell_01949,52.2084,50.241,B
cell_00576,11.6957,9.082,A
cell_00851,10.3527,9.9484,A
cell_00912,13.3421,8.0246,A
cell_01255,45.0005,49.4279,B
cell_01834,48.2235,48.1651,B
cell_01723,49.8255,49.6179,B
cell_02134,79.0036,21.0829,C
cell_01736,51.0914,46.4301,B
cell_00933,11.9732,10.2835,A
cell_01101,46.7819,49.3172,B
cell_01208,50.3446,49.9369,B
cell_02296,81.8897,21.0475,C
cell_01844,46.7865,48.8323,B
cell_01849,44.7355,48.13,B
cell_02525,88.6984,25.8365,C
cell_01695,43.7907,46.0697,B
cell_00086,13.6196,8.6972,A
cell_00470,14.0295,6.7417,A
cell_02274,90.9075,22.6345,C
cell_02823,81.2211,23.6088,C
cell_02380,87.3232,24.53,C
cell_00234,7.8257,9.5718,A
cell_02637,93.6479,23.4743,C
cell_02524,85.7711,26.7176,C
cell_02945,94.1785,22.3428,C
cell_02648,79.5474,20.7991,C
cell_02470,81.0701,23.0754,C
cell_01712,52.9742,44.4571,B
cell_00183,8.7121,13.3618,A
cell_00989,7.6075,12.0218,A
cell_01001,53.8109,45.8477,B
cell_01642,54.4664,53.5529,B
cell_01357,44.9473,49.5416,B
cell_01463,55.0181,52.0182,B
cell_00050,12.4436,4.5762,A
cell_02578,79.6056,21.4756,C
cell_01259,50.5404,50.5129,B
cell_00487,13.8688,5.7974,A
cell_02959,81.0148,22.2199,C
cell_02546,91.8179,22.2372,C
cell_01909,53.8272,52.4527,B
cell_00107,8.0756,11.8287,A
cell_00444,12.6753,8.6274,A
cell_01955,43.993,47.5436,B
cell_00647,10.0907,9.0368,A
cell_01763,51.6308,51.7681,B
cell_00727,10.8619,9.5323,A
cell_02239,86.058,18.3514,C
cell_01857,43.0175,46.6614,B
cell_02331,79.1753,23.7638,C
cell_00030,9.9674,13.0328,A
cell_00170,11.5878,11.4139,A
cell_01002,54.6607,55.816,B
cell_02149,93.4049,20.9558,C
cell_00198,11.4156,9.3236,A
cell_00496,12.0679,13.692,A
cell_02027,93.7184,29.262,C
cell_00648,9.1656,12.5907,A
cell_00045,7.0081,17.6025,A
cell_02759,86.3366,26.6394,C
cell_00374,10.5037,10.3657,A
cell_00679,8.5023,10.6113,A
cell_00567,13.8359,8.2722,A
cell_00461,12.9466,9.7523,A
cell_01933,49.991,49.9759,B
cell_01156,47.3024,47.4135,B
cell_00040,2.0399,11.5585,A
cell_02483,91.2407,21.1217,C
cell_00974,8.087,10.5945,A
cell_01787,54.5501,44.5224,B
cell_01499,49.7647,51.8557,B
cell_02505,89.2779,26.2589,C
cell_01836,44.7391,49.0181,B
cell_02309,87.5492,26.7755,C
cell_01841,45.652,48.7046,B
cell_02084,80.6619,21.4602,C
cell_00828,11.943,7.6421,A
cell_01936,41.8845,47.4019,B
cell_02045,86.946,21.6957,C
cell_00310,8.1273,10.8026,A
cell_00277,9.742,8.8397,A
cell_00637,9.6615,9.6395,A
cell_00655,13.0945,7.6368,A
cell_00623,9.3626,11.9196,A
cell_01860,50.6295,50.2661,B
cell_00845,13.337,9.4625,A
cell_00394,7.5797,12.4958,A
cell_02156,86.2185,18.2835,C
cell_00350,9.5257,10.4569,A
cell_02573,78.6666,22.8212,C
cell_00785,11.4183,12.4327,A
cell_00048,17.2683,7.995,A
cell_01979,47.1932,49.7875,B
cell_02252,86.6789,17.4693,C
cell_01656,43.7617,47.2358,B
cell_02070,85.3721,18.7483,C
cell_00403,12.2585,10.0669,A
cell_01108,54.3859,51.4036,B
cell_01155,45.716,48.1959,B
cell_01440,54.0522,52.7184,B
cell_02982,78.9712,21.4468,C
cell_02002,91.0438,38.2771,C
cell_00990,8.9851,9.4041,A
cell_01866,52.2035,45.0365,B
cell_02790,79.7923,23.805,C
cell_01311,51.7806,48.38,B
cell_00034,7.727,14.2841,A
cell_00788,12.7148,9.0902,A
cell_01044,47.2262,51.4467,B
cell_00482,12.2268,14.4563,A
cell_01244,53.0063,45.4902,B
cell_02628,90.5039,20.5488,C
cell_02530,79.1018,21.1538,C
cell_00932,13.5099,10.1877,A
cell_02405,91.9373,21.2582,C
cell_01686,44.4703,48.2686,B
cell_01249,44.5168,48.1708,B
cell_00760,9.2111,12.1306,A
cell_00093,10.7045,10.5286,A
cell_01176,49.3868,49.0721,B
cell_01416,48.3703,49.0091,B
cell_01342,50.8761,48.4762,B
cell_01473,45.0788,49.4289,B
cell_02852,79.8049,23.1244,C
cell_02794,79.0356,20.9268,C
cell_02328,88.6208,23.9037,C
cell_01608,53.0201,46.2431,B
cell_00765,10.0525,11.3729,A
cell_02653,82.1075,21.7893,C
cell_01374,47.8591,50.0008,B
cell_01952,43.8329,46.7614,B
cell_02449,80.201,22.7863,C
cell_01729,50.7434,49.1199,B
cell_00258,11.4393,13.276,A
cell_00945,11.2874,10.8932,A
cell_01220,44.4837,49.0367,B
cell_01162,46.818,48.6427,B
cell_02543,88.9278,25.3753,C
cell_00773,11.7449,7.6802,A
cell_02599,88.1188,27.0377,C
cell_01487,51.7111,45.9173,B
cell_02250,90.2142,21.0018,C
cell_00313,11.1601,13.1674,A
cell_00291,8.492,9.9968,A
cell_00764,8.6606,13.6174,A
cell_00184,10.7979,10.3735,A
cell_01177,49.9964,49.2774,B
cell_01350,50.8263,48.5052,B
cell_02299,86.9162,26.0275,C
cell_02872,79.7101,22.4047,C
cell_01100,43.9348,47.8543,B
cell_00392,8.4508,11.3771,A
cell_01920,50.2603,51.0007,B
cell_01457,51.977,47.6913,B
cell_01093,44.3673,47.9209,B
cell_02023,112.9752,24.7529,C
cell_00905,9.3602,13.1959,A
cell_02779,93.5717,22.1964,C
cell_02603,87.1447,27.5149,C
cell_00367,9.9928,9.0377,A
cell_00346,8.3035,12.8938,A
cell_02584,90.7669,22.842,C
cell_01373,55.5169,52.4005,B
cell_01640,46.3865,47.5328,B
cell_00920,12.5286,12.3532,A
cell_00212,10.9598,13.4834,A
cell_01604,46.0127,48.0628,B
cell_02551,86.3437,18.249,C
cell_00538,9.0711,12.5921,A
cell_01221,51.5235,45.3354,B
cell_00176,9.1242,8.5444,A
